rate_date,currency,approved_deposit_rate,approved_payout_rate
2026-05-18,INR,85.605379,84.584241
2026-05-18,MYR,4.405197,4.361364
2026-05-19,INR,85.356102,84.337938
2026-05-19,MYR,4.412208,4.368306
2026-05-20,INR,85.671765,84.649836
2026-05-20,MYR,4.428251,4.384189
2026-05-21,INR,85.778282,84.755082
2026-05-21,MYR,4.407388,4.363533
2026-05-22,INR,85.456588,84.437225
2026-05-22,MYR,4.405366,4.361532
2026-05-23,INR,85.317526,84.299822
2026-05-23,MYR,4.422189,4.378188
2026-05-24,INR,85.186113,84.169976
2026-05-24,MYR,4.411346,4.367452
2026-05-25,INR,85.612533,84.59131
2026-05-25,MYR,4.42359,4.379574
2026-05-26,INR,85.318759,84.30104
2026-05-26,MYR,4.425158,4.381126
2026-05-27,INR,85.721675,84.69915
2026-05-27,MYR,4.404542,4.360716
2026-05-28,INR,85.719205,84.696709
2026-05-28,MYR,4.429009,4.38494
2026-05-29,INR,85.400719,84.382022
2026-05-29,MYR,4.409812,4.365934
2026-05-30,INR,85.82277,84.799039
2026-05-30,MYR,4.416219,4.372277
2026-05-31,INR,85.231406,84.214729
2026-05-31,MYR,4.407733,4.363875
2026-06-01,INR,85.747714,84.724878
2026-06-01,MYR,4.425669,4.381633
2026-06-02,INR,85.7201,84.697594
2026-06-02,MYR,4.430127,4.386046
2026-06-03,INR,85.534783,84.514487
2026-06-03,MYR,4.438737,4.39457
2026-06-04,INR,85.426908,84.407899
2026-06-04,MYR,4.423841,4.379823
2026-06-05,INR,85.735339,84.712651
2026-06-05,MYR,4.426193,4.382151
2026-06-06,INR,85.757436,84.734485
2026-06-06,MYR,4.424736,4.380709
2026-06-07,INR,85.649944,84.628274
2026-06-07,MYR,4.405933,4.362093
2026-06-08,INR,85.323861,84.306081
2026-06-08,MYR,4.414549,4.370624
2026-06-09,INR,85.222544,84.205973
2026-06-09,MYR,4.412547,4.368641
2026-06-10,INR,85.237053,84.220309
2026-06-10,MYR,4.414146,4.370224
2026-06-11,INR,85.602819,84.581712
2026-06-11,MYR,4.417218,4.373266
2026-06-12,INR,85.421193,84.402253
2026-06-12,MYR,4.411724,4.367826
2026-06-13,INR,85.350594,84.332496
2026-06-13,MYR,4.437447,4.393293
2026-06-14,INR,85.611268,84.59006
2026-06-14,MYR,4.425861,4.381822
2026-06-15,INR,85.285033,84.267716
2026-06-15,MYR,4.430106,4.386025
2026-06-16,INR,85.27974,84.262487
2026-06-16,MYR,4.417736,4.373778
2026-06-17,INR,85.844873,84.820879
2026-06-17,MYR,4.426953,4.382903
2026-06-18,INR,85.548958,84.528493
2026-06-18,MYR,4.428531,4.384466
2026-06-19,INR,85.744538,84.72174
2026-06-19,MYR,4.431764,4.387667
2026-06-20,INR,85.324647,84.306858
2026-06-20,MYR,4.405448,4.361612
2026-06-21,INR,85.383755,84.365261
2026-06-21,MYR,4.413784,4.369865
2026-06-22,INR,85.312289,84.294648
2026-06-22,MYR,4.437668,4.393512
2026-06-23,INR,85.767466,84.744394
2026-06-23,MYR,4.415444,4.371509
2026-06-24,INR,85.616332,84.595064
2026-06-24,MYR,4.418308,4.374345
2026-06-25,INR,85.793584,84.770201
2026-06-25,MYR,4.420544,4.376559
2026-06-26,INR,85.349159,84.331078
2026-06-26,MYR,4.413037,4.369126
2026-06-27,INR,85.551981,84.53148
2026-06-27,MYR,4.413607,4.36969
2026-06-28,INR,85.567864,84.547173
2026-06-28,MYR,4.436073,4.391933
2026-06-29,INR,85.441182,84.422003
2026-06-29,MYR,4.412071,4.368169
2026-06-30,INR,85.850356,84.826296
2026-06-30,MYR,4.422337,4.378334
2026-07-01,INR,85.230149,84.213487
2026-07-01,MYR,4.405979,4.362138
2026-07-02,INR,85.242969,84.226154
2026-07-02,MYR,4.426509,4.382464
2026-07-03,INR,85.709806,84.687422
2026-07-03,MYR,4.419246,4.375274
2026-07-04,INR,85.211418,84.19498
2026-07-04,MYR,4.417812,4.373854
2026-07-05,INR,85.849387,84.825338
2026-07-05,MYR,4.42303,4.37902
2026-07-06,INR,85.832255,84.808411
2026-07-06,MYR,4.434763,4.390636
2026-07-07,INR,85.175814,84.1598
2026-07-07,MYR,4.429808,4.385731
2026-07-08,INR,85.634304,84.612822
2026-07-08,MYR,4.423308,4.379295
2026-07-09,INR,85.35049,84.332392
2026-07-09,MYR,4.426987,4.382937
2026-07-10,INR,85.244271,84.22744
2026-07-10,MYR,4.419692,4.375715
2026-07-11,INR,85.478343,84.458721
2026-07-11,MYR,4.438054,4.393894
2026-07-12,INR,85.767113,84.744047
2026-07-12,MYR,4.41363,4.369713
2026-07-13,INR,85.510401,84.490396
2026-07-13,MYR,4.410632,4.366745
2026-07-14,INR,85.79227,84.768903
2026-07-14,MYR,4.435107,4.390977
2026-07-15,INR,85.37212,84.353765
2026-07-15,MYR,4.426915,4.382867
2026-07-16,INR,85.584544,84.563655
2026-07-16,MYR,4.409719,4.365841
2026-07-17,INR,85.689578,84.667436
2026-07-17,MYR,4.423393,4.379379
2026-07-18,INR,85.700603,84.678329
2026-07-18,MYR,4.423074,4.379063
2026-07-19,INR,85.168351,84.152427
2026-07-19,MYR,4.415779,4.371841
2026-07-20,INR,85.181284,84.165205
2026-07-20,MYR,4.43718,4.393029
2026-07-21,INR,85.769076,84.745986
2026-07-21,MYR,4.433733,4.389616
2026-07-22,INR,85.378324,84.359895
2026-07-22,MYR,4.406361,4.362517
2026-07-23,INR,85.768589,84.745504
2026-07-23,MYR,4.437811,4.393654
2026-07-24,INR,85.226554,84.209935
2026-07-24,MYR,4.421504,4.377509
2026-07-25,INR,85.215307,84.198822
2026-07-25,MYR,4.431219,4.387127
2026-07-26,INR,85.691852,84.669683
2026-07-26,MYR,4.408854,4.364985
2026-07-27,INR,85.493091,84.473293
2026-07-27,MYR,4.423762,4.379744
2026-07-28,INR,85.34928,84.331197
2026-07-28,MYR,4.435175,4.391044
2026-07-29,INR,85.45742,84.438047
2026-07-29,MYR,4.411805,4.367906
2026-07-30,INR,85.536882,84.516561
2026-07-30,MYR,4.430134,4.386053
2026-07-31,INR,85.305563,84.288002
2026-07-31,MYR,4.415339,4.371406
2026-08-01,INR,85.848722,84.824681
2026-08-01,MYR,4.427302,4.383249
2026-08-02,INR,85.467656,84.448161
2026-08-02,MYR,4.422622,4.378616
2026-08-03,INR,85.250737,84.233829
2026-08-03,MYR,4.412261,4.368358
2026-08-04,INR,85.399238,84.380559
2026-08-04,MYR,4.425124,4.381093
2026-08-05,INR,85.325377,84.307579
2026-08-05,MYR,4.412102,4.368201
2026-08-06,INR,85.216525,84.200026
2026-08-06,MYR,4.426638,4.382592
2026-08-07,INR,85.324574,84.306786
2026-08-07,MYR,4.436342,4.392199
2026-08-08,INR,85.756019,84.733085
2026-08-08,MYR,4.406819,4.36297
2026-08-09,INR,85.330774,84.312912
2026-08-09,MYR,4.427978,4.383918
2026-08-10,INR,85.314515,84.296847
2026-08-10,MYR,4.408993,4.365122
2026-08-11,INR,85.807927,84.784373
2026-08-11,MYR,4.424513,4.380488
2026-08-12,INR,85.491305,84.471528
2026-08-12,MYR,4.432069,4.387969
2026-08-13,INR,85.720353,84.697843
2026-08-13,MYR,4.411048,4.367157
2026-08-14,INR,85.234268,84.217557
2026-08-14,MYR,4.419561,4.375585
