bank_entry_id,bank_booked_at,currency,amount_local,entry_type,bank_reference
BNK000001,2026-05-26 10:00:00,INR,982124.08,psp_settlement_received,SET20260525_INR
BNK000002,2026-05-26 10:00:00,MYR,31905.07,psp_settlement_received,SET20260525_MYR
BNK000003,2026-06-02 10:00:00,INR,1714640.0,psp_settlement_received,SET20260601_INR
BNK000004,2026-06-02 10:00:00,MYR,57484.67,psp_settlement_received,SET20260601_MYR
BNK000005,2026-06-09 10:00:00,INR,1964836.41,psp_settlement_received,SET20260608_INR
BNK000006,2026-06-09 10:00:00,MYR,63349.54,psp_settlement_received,SET20260608_MYR
BNK000007,2026-06-16 10:00:00,INR,1176697.72,psp_settlement_received,SET20260615_INR
BNK000008,2026-06-16 10:00:00,MYR,56899.8,psp_settlement_received,SET20260615_MYR
BNK000009,2026-06-23 10:00:00,INR,1300337.99,psp_settlement_received,SET20260622_INR
BNK000010,2026-06-23 10:00:00,MYR,39599.31,psp_settlement_received,SET20260622_MYR
BNK000011,2026-06-30 10:00:00,INR,1722444.67,psp_settlement_received,SET20260629_INR
BNK000012,2026-06-30 10:00:00,MYR,64383.29,psp_settlement_received,SET20260629_MYR
BNK000013,2026-07-07 10:00:00,INR,1411306.9,psp_settlement_received,SET20260706_INR
BNK000014,2026-07-07 10:00:00,MYR,48137.0,psp_settlement_received,SET20260706_MYR
BNK000015,2026-07-14 10:00:00,INR,1309167.72,psp_settlement_received,SET20260713_INR
BNK000016,2026-07-14 10:00:00,MYR,74339.76,psp_settlement_received,SET20260713_MYR
BNK000017,2026-07-21 10:00:00,INR,1571021.98,psp_settlement_received,SET20260720_INR
BNK000018,2026-07-21 10:00:00,MYR,71258.99,psp_settlement_received,SET20260720_MYR
BNK000019,2026-07-28 10:00:00,INR,2025909.19,psp_settlement_received,SET20260727_INR
BNK000020,2026-07-28 10:00:00,MYR,59708.34,psp_settlement_received,SET20260727_MYR
BNK000021,2026-08-04 10:00:00,INR,1342244.58,psp_settlement_received,SET20260803_INR
BNK000022,2026-08-04 10:00:00,MYR,52253.38,psp_settlement_received,SET20260803_MYR
BNK000023,2026-08-11 10:00:00,INR,1804682.36,psp_settlement_received,SET20260810_INR
