calendar_date,is_business_day
2026-05-18,True
2026-05-19,True
2026-05-20,True
2026-05-21,True
2026-05-22,True
2026-05-23,False
2026-05-24,False
2026-05-25,True
2026-05-26,True
2026-05-27,True
2026-05-28,True
2026-05-29,True
2026-05-30,False
2026-05-31,False
2026-06-01,True
2026-06-02,True
2026-06-03,True
2026-06-04,True
2026-06-05,True
2026-06-06,False
2026-06-07,False
2026-06-08,True
2026-06-09,True
2026-06-10,True
2026-06-11,True
2026-06-12,True
2026-06-13,False
2026-06-14,False
2026-06-15,True
2026-06-16,True
2026-06-17,True
2026-06-18,True
2026-06-19,True
2026-06-20,False
2026-06-21,False
2026-06-22,True
2026-06-23,True
2026-06-24,True
2026-06-25,True
2026-06-26,True
2026-06-27,False
2026-06-28,False
2026-06-29,True
2026-06-30,True
2026-07-01,True
2026-07-02,True
2026-07-03,True
2026-07-04,False
2026-07-05,False
2026-07-06,True
2026-07-07,True
2026-07-08,True
2026-07-09,True
2026-07-10,True
2026-07-11,False
2026-07-12,False
2026-07-13,True
2026-07-14,True
2026-07-15,True
2026-07-16,True
2026-07-17,True
2026-07-18,False
2026-07-19,False
2026-07-20,True
2026-07-21,True
2026-07-22,True
2026-07-23,True
2026-07-24,True
2026-07-25,False
2026-07-26,False
2026-07-27,True
2026-07-28,True
2026-07-29,True
2026-07-30,True
2026-07-31,True
2026-08-01,False
2026-08-02,False
2026-08-03,True
2026-08-04,True
2026-08-05,True
2026-08-06,True
2026-08-07,True
2026-08-08,False
2026-08-09,False
2026-08-10,True
2026-08-11,True
2026-08-12,True
2026-08-13,True
2026-08-14,True
2026-08-15,False
2026-08-16,False
2026-08-17,True
2026-08-18,True
2026-08-19,True
2026-08-20,True
2026-08-21,True
2026-08-22,False
2026-08-23,False
2026-08-24,True
