snapshot_date,customer_id,opening_balance_usd
2026-05-18,CUS0001,269.39
2026-05-18,CUS0002,1453.2
2026-05-18,CUS0003,459.08
2026-05-18,CUS0004,1032.56
2026-05-18,CUS0005,1408.96
2026-05-18,CUS0006,1627.31
2026-05-18,CUS0007,1015.74
2026-05-18,CUS0008,1096.89
2026-05-18,CUS0009,234.48
2026-05-18,CUS0010,978.3
2026-05-18,CUS0011,870.27
2026-05-18,CUS0012,1734.12
2026-05-18,CUS0013,1184.57
2026-05-18,CUS0014,1559.57
2026-05-18,CUS0015,981.32
2026-05-18,CUS0016,517.14
2026-05-18,CUS0017,1731.58
2026-05-18,CUS0018,1676.4
2026-05-18,CUS0019,876.54
2026-05-18,CUS0020,372.34
2026-05-18,CUS0021,1122.37
2026-05-18,CUS0022,1092.76
2026-05-18,CUS0023,1590.14
2026-05-18,CUS0024,1274.99
2026-05-18,CUS0025,1112.02
2026-05-18,CUS0026,1235.29
2026-05-18,CUS0027,878.47
2026-05-18,CUS0028,288.06
2026-05-18,CUS0029,310.18
2026-05-18,CUS0030,1895.43
2026-05-18,CUS0031,1710.38
2026-05-18,CUS0032,733.09
2026-05-18,CUS0033,1799.75
2026-05-18,CUS0034,1140.05
2026-05-18,CUS0035,385.47
2026-05-18,CUS0036,1740.24
2026-05-18,CUS0037,1251.88
2026-05-18,CUS0038,1879.02
2026-05-18,CUS0039,1422.65
2026-05-18,CUS0040,369.38
2026-05-18,CUS0041,1320.95
2026-05-18,CUS0042,1616.4
2026-05-18,CUS0043,1818.04
2026-05-18,CUS0044,796.29
2026-05-18,CUS0045,1152.0
2026-05-18,CUS0046,1462.08
2026-05-18,CUS0047,500.27
2026-05-18,CUS0048,1727.05
2026-05-18,CUS0049,1605.56
2026-05-18,CUS0050,290.18
2026-05-18,CUS0051,1264.54
2026-05-18,CUS0052,862.49
2026-05-18,CUS0053,534.81
2026-05-18,CUS0054,1288.06
2026-05-18,CUS0055,1944.51
2026-05-18,CUS0056,1193.55
2026-05-18,CUS0057,403.94
2026-05-18,CUS0058,1090.87
2026-05-18,CUS0059,1602.44
2026-05-18,CUS0060,1919.41
2026-05-18,CUS0061,1487.32
2026-05-18,CUS0062,274.42
2026-05-18,CUS0063,1939.8
2026-05-18,CUS0064,1283.35
2026-05-18,CUS0065,350.57
2026-05-18,CUS0066,428.88
2026-05-18,CUS0067,355.21
2026-05-18,CUS0068,1396.65
2026-05-18,CUS0069,477.39
2026-05-18,CUS0070,1653.44
2026-05-18,CUS0071,396.09
2026-05-18,CUS0072,1163.34
2026-05-18,CUS0073,997.54
2026-05-18,CUS0074,268.35
2026-05-18,CUS0075,204.54
2026-05-18,CUS0076,1826.35
2026-05-18,CUS0077,1957.89
2026-05-18,CUS0078,423.78
2026-05-18,CUS0079,1522.26
2026-05-18,CUS0080,1980.53
2026-05-18,CUS0081,1826.87
2026-05-18,CUS0082,1793.07
2026-05-18,CUS0083,807.75
2026-05-18,CUS0084,1491.1
2026-05-18,CUS0085,1096.6
2026-05-18,CUS0086,1887.22
2026-05-18,CUS0087,1465.43
2026-05-18,CUS0088,1718.63
2026-05-18,CUS0089,1742.98
2026-05-18,CUS0090,894.07
2026-05-18,CUS0091,1482.26
2026-05-18,CUS0092,367.32
2026-05-18,CUS0093,570.97
2026-05-18,CUS0094,1885.83
2026-05-18,CUS0095,928.39
2026-05-18,CUS0096,1433.08
2026-05-18,CUS0097,1236.14
2026-05-18,CUS0098,668.58
2026-05-18,CUS0099,1255.38
2026-05-18,CUS0100,1842.42
2026-05-18,CUS0101,789.23
2026-05-18,CUS0102,824.59
2026-05-18,CUS0103,534.45
2026-05-18,CUS0104,520.09
2026-05-18,CUS0105,1689.26
2026-05-18,CUS0106,1471.18
2026-05-18,CUS0107,1937.0
2026-05-18,CUS0108,1405.37
2026-05-18,CUS0109,1925.88
2026-05-18,CUS0110,599.48
2026-05-18,CUS0111,538.01
2026-05-18,CUS0112,589.74
2026-05-18,CUS0113,890.8
2026-05-18,CUS0114,1981.26
2026-05-18,CUS0115,604.76
2026-05-18,CUS0116,1024.97
2026-05-18,CUS0117,310.2
2026-05-18,CUS0118,248.97
2026-05-18,CUS0119,1182.46
2026-05-18,CUS0120,1303.85
2026-05-18,CUS0121,1119.51
2026-05-18,CUS0122,1846.42
2026-05-18,CUS0123,1749.79
2026-05-18,CUS0124,1912.02
2026-05-18,CUS0125,1242.09
2026-05-18,CUS0126,674.29
2026-05-18,CUS0127,433.9
2026-05-18,CUS0128,1575.59
2026-05-18,CUS0129,478.3
2026-05-18,CUS0130,211.01
2026-05-18,CUS0131,1458.65
2026-05-18,CUS0132,424.13
2026-05-18,CUS0133,1320.4
2026-05-18,CUS0134,561.83
2026-05-18,CUS0135,965.18
2026-05-18,CUS0136,226.53
2026-05-18,CUS0137,877.04
2026-05-18,CUS0138,791.09
2026-05-18,CUS0139,670.05
2026-05-18,CUS0140,440.95
2026-05-18,CUS0141,1236.16
2026-05-18,CUS0142,1446.62
2026-05-18,CUS0143,559.45
2026-05-18,CUS0144,278.93
2026-05-18,CUS0145,682.82
2026-05-18,CUS0146,1458.82
2026-05-18,CUS0147,691.91
2026-05-18,CUS0148,1365.53
2026-05-18,CUS0149,332.4
2026-05-18,CUS0150,1466.01
