scenario,provider_transaction_id,expected_result,control
psp_success_ledger_pending_overdue,PAY001946,exception,ledger_psp_status_timing
psp_success_ledger_pending_within_t1,PAY002000,normal_timing,ledger_psp_status_timing
psp_success_ledger_declined,PAY001977,exception,ledger_psp_status_match
psp_failed_ledger_credited,PAY000122,exception,ledger_psp_status_match
psp_success_missing_from_ledger,PAY002001,exception,ledger_psp_1_to_1
fx_rate_scaled_by_100,PAY001615,exception,fx_rate_validation
fx_rate_inverted,PAY001331,exception,fx_rate_validation
settlement_missing_from_bank_after_t1,SET20260810_MYR,exception,psp_settlement_to_bank
settlement_fee_total_mismatch,SET20260817_MYR,exception,settlement_fee_reconciliation
