settlement_id,settlement_timestamp,currency,fees_local,balance_before_local,payout_buffer_local,settlement_local_amount,balance_after_local
SET20260525_INR,2026-05-25 07:00:00,INR,32061.49,1104558.7,122434.62,982124.08,122434.62
SET20260525_MYR,2026-05-25 07:00:00,MYR,1470.48,42521.59,10616.52,31905.07,10616.52
SET20260601_INR,2026-06-01 07:00:00,INR,50748.61,1894107.96,179467.96,1714640.0,179467.96
SET20260601_MYR,2026-06-01 07:00:00,MYR,1865.9,68525.76,11041.09,57484.67,11041.09
SET20260608_INR,2026-06-08 07:00:00,INR,53823.11,2118375.35,153538.94,1964836.41,153538.94
SET20260608_MYR,2026-06-08 07:00:00,MYR,1839.45,71911.0,8561.46,63349.54,8561.46
SET20260615_INR,2026-06-15 07:00:00,INR,35466.08,1336207.5,159509.78,1176697.72,159509.78
SET20260615_MYR,2026-06-15 07:00:00,MYR,1688.9,64641.64,7741.84,56899.8,7741.84
SET20260622_INR,2026-06-22 07:00:00,INR,42395.09,1522303.63,221965.64,1300337.99,221965.64
SET20260622_MYR,2026-06-22 07:00:00,MYR,1434.07,49668.95,10069.64,39599.31,10069.64
SET20260629_INR,2026-06-29 07:00:00,INR,47534.87,1887084.25,164639.58,1722444.67,164639.58
SET20260629_MYR,2026-06-29 07:00:00,MYR,1927.37,73541.87,9158.58,64383.29,9158.58
SET20260706_INR,2026-07-06 07:00:00,INR,44632.89,1627627.08,216320.18,1411306.9,216320.18
SET20260706_MYR,2026-07-06 07:00:00,MYR,2053.1,65078.26,16941.26,48137.0,16941.26
SET20260713_INR,2026-07-13 07:00:00,INR,39089.91,1498240.62,189072.9,1309167.72,189072.9
SET20260713_MYR,2026-07-13 07:00:00,MYR,1766.23,79830.85,5491.09,74339.76,5491.09
SET20260720_INR,2026-07-20 07:00:00,INR,45178.25,1744297.85,173275.87,1571021.98,173275.87
SET20260720_MYR,2026-07-20 07:00:00,MYR,1869.51,75163.53,3904.54,71258.99,3904.54
SET20260727_INR,2026-07-27 07:00:00,INR,56992.8,2202905.11,176995.92,2025909.19,176995.92
SET20260727_MYR,2026-07-27 07:00:00,MYR,1955.12,68729.27,9020.93,59708.34,9020.93
SET20260803_INR,2026-08-03 07:00:00,INR,43976.53,1579392.79,237148.21,1342244.58,237148.21
SET20260803_MYR,2026-08-03 07:00:00,MYR,2185.0,69616.79,17363.41,52253.38,17363.41
SET20260810_INR,2026-08-10 07:00:00,INR,56067.4,2075856.42,271174.06,1804682.36,271174.06
SET20260810_MYR,2026-08-10 07:00:00,MYR,1776.08,87378.3,1359.29,86019.01,1359.29
SET20260817_INR,2026-08-17 07:00:00,INR,32184.83,1313940.45,163482.2,1150458.25,163482.2
SET20260817_MYR,2026-08-17 07:00:00,MYR,1504.76,41821.53,8708.65,33112.88,8708.65
