order_id,delivered_amount,delivery_date
ORD00001,144.76,2026-05-19
ORD00002,370.87,2026-07-18
ORD00003,425.5,2026-07-21
ORD00004,24.6,2026-06-07
ORD00006,107.43,2026-06-18
ORD00007,277.02,2026-05-11
ORD00008,298.74,2026-07-08
ORD00009,13.18,2026-07-07
ORD00010,352.09,2026-07-07
ORD00011,86.18,2026-06-18
ORD00012,169.19,2026-07-10
ORD00013,425.27,2026-07-09
ORD00014,405.49,2026-07-19
ORD00015,272.75,2026-07-21
ORD00016,195.48,2026-05-28
ORD00017,416.41,2026-06-03
ORD00018,432.24,2026-07-01
ORD00020,121.67,2026-06-27
ORD00021,49.1,2026-05-29
ORD00022,59.49,2026-05-18
ORD00023,321.49,2026-06-05
ORD00024,191.39,2026-07-09
ORD00025,140.82,2026-07-22
ORD00026,327.54,2026-06-15
ORD00027,93.86,2026-07-17
ORD00028,90.07,2026-07-19
ORD00029,494.87,2026-07-18
ORD00030,282.91,2026-06-27
ORD00031,423.0,2026-05-29
ORD00033,164.57,2026-06-30
ORD00034,113.38,2026-07-25
ORD00035,439.42,2026-07-23
ORD00036,331.16,2026-07-12
ORD00037,458.13,2026-07-15
ORD00038,139.79,2026-05-25
ORD00039,285.07,2026-07-24
ORD00040,296.45,2026-07-23
ORD00041,205.71,2026-05-30
ORD00042,498.79,2026-07-02
ORD00044,63.73,2026-07-11
ORD00045,398.12,2026-07-01
ORD00046,41.13,2026-07-24
ORD00047,498.1,2026-05-16
ORD00048,485.83,2026-07-26
ORD00049,15.63,2026-05-18
ORD00050,344.04,2026-07-15
ORD00051,140.74,2026-07-21
ORD00052,64.66,2026-07-12
ORD00053,232.32,2026-07-22
ORD00054,439.17,2026-07-07
ORD00055,255.29,2026-05-27
ORD00056,457.19,2026-06-09
ORD00057,156.24,2026-07-12
ORD00058,308.4,2026-06-30
ORD00059,383.63,2026-07-21
ORD00060,391.53,2026-05-14
ORD00061,10.28,2026-06-07
ORD00062,19.54,2026-07-24
ORD00063,440.57,2026-07-26
ORD00064,116.66,2026-07-05
ORD00065,449.2,2026-07-25
ORD00066,43.91,2026-06-01
ORD00067,385.26,2026-07-24
ORD00067,385.26,2026-07-25
ORD00068,242.89,2026-07-19
ORD00069,139.88,2026-05-13
ORD00070,217.34,2026-07-10
ORD00071,274.26,2026-05-08
ORD00072,108.56,2026-07-18
ORD00073,497.62,2026-05-30
ORD00074,224.67,2026-07-25
ORD00075,69.29,2026-07-15
ORD00076,175.66,2026-07-26
ORD00077,122.76,2026-07-26
ORD00078,44.79,2026-07-01
ORD00079,122.18,2026-06-27
ORD00080,418.56,2026-06-10
ORD00081,337.8,2026-05-25
ORD00082,74.83,2026-07-25
ORD00083,289.81,2026-06-16
ORD00084,394.46,2026-07-14
ORD00085,81.18,2026-07-19
ORD00086,217.55,2026-07-16
ORD00087,367.25,2026-07-13
ORD00088,471.51,2026-07-25
ORD00089,176.26,2026-07-26
ORD00090,131.84,2026-06-30
ORD00091,229.82,2026-07-22
ORD00092,146.49,2026-07-22
ORD00093,462.4,2026-07-24
ORD00094,432.06,2026-07-05
ORD00095,34.79,2026-06-24
ORD00096,419.65,2026-07-16
ORD00097,463.92,2026-05-28
ORD00098,91.49,2026-07-20
ORD00099,114.74,2026-07-26
ORD00100,38.73,2026-07-03
ORD00101,492.8,2026-07-25
ORD00102,394.19,2026-07-26
ORD00103,217.27,2026-06-22
ORD00104,497.76,2026-07-08
ORD00105,362.02,2026-07-18
ORD00106,155.39,2026-07-24
ORD00107,293.8,2026-07-17
ORD00108,346.89,2026-07-13
ORD00109,256.4,2026-07-19
ORD00110,87.14,2026-07-12
ORD00111,49.25,2026-06-27
ORD00112,301.57,2026-06-29
ORD00113,125.25,2026-07-15
ORD00113,125.25,2026-07-04
ORD00114,446.24,2026-07-11
ORD00115,301.31,2026-06-29
ORD00116,215.42,2026-06-30
ORD00117,266.16,2026-07-23
ORD00118,110.09,2026-07-26
ORD00119,126.96,2026-06-30
ORD00120,339.13,2026-07-22
ORD00121,164.93,2026-07-17
ORD00122,45.55,2026-07-26
ORD00123,499.24,2026-06-22
ORD00124,45.9,2026-07-18
ORD00125,139.95,2026-07-01
ORD00126,441.62,2026-07-13
ORD00127,191.07,2026-07-13
ORD00128,418.54,2026-07-12
ORD00129,309.72,2026-06-16
ORD00131,410.38,2026-07-06
ORD00132,335.06,2026-07-22
ORD00133,75.8,2026-07-22
ORD00133,75.8,2026-06-20
ORD00134,62.45,2026-06-21
ORD00135,143.45,2026-07-20
ORD00136,361.63,2026-07-08
ORD00137,320.78,2026-06-20
ORD00138,249.38,2026-07-26
ORD00139,402.83,2026-07-05
ORD00141,387.85,2026-06-18
ORD00142,138.36,2026-07-24
ORD00143,280.32,2026-07-23
ORD00144,-29.53,2026-07-13
ORD00145,452.93,2026-07-11
ORD00146,418.95,2026-07-14
ORD00147,82.57,2026-06-23
ORD00147,82.57,2026-06-04
ORD00148,161.05,2026-07-14
ORD00149,400.1,2026-07-14
ORD00150,450.47,2026-06-05
ORD00151,132.27,2026-05-04
ORD00151,132.27,2026-06-21
ORD00152,392.26,2026-07-12
ORD00153,209.12,2026-06-18
ORD00154,85.73,2026-07-16
ORD00155,433.66,2026-07-09
ORD00156,407.28,2026-07-10
ORD00157,22.15,2026-07-21
ORD00158,172.77,2026-07-18
ORD00159,403.1,2026-07-25
ORD00160,407.27,2026-05-23
ORD00161,395.81,2026-07-05
ORD00161,395.81,2026-07-23
ORD00162,437.36,2026-06-19
ORD00163,118.99,2026-07-09
ORD00164,235.55,2026-07-03
ORD00165,399.72,2026-07-20
ORD00166,21.6,2026-05-25
ORD00167,170.85,2026-06-27
ORD00168,483.78,2026-07-26
ORD00169,324.33,2026-05-27
ORD00170,490.76,2026-07-23
ORD00171,470.23,2026-05-22
ORD00171,470.23,2026-07-24
ORD00172,485.5,2026-07-21
ORD00173,481.64,2026-07-15
ORD00174,63.12,2026-06-25
ORD00175,366.99,2026-07-08
ORD00176,307.04,2026-06-09
ORD00177,198.75,2026-07-18
ORD00178,134.81,2026-07-20
ORD00179,10.83,2026-07-25
ORD00180,273.84,2026-07-03
ORD00181,373.56,2026-07-25
ORD00182,154.92,2026-06-26
ORD00183,171.8,2026-06-25
ORD00184,425.53,2026-07-26
ORD00185,157.16,2026-07-17
ORD00186,210.11,2026-07-26
ORD00187,154.87,2026-07-08
ORD00187,154.87,2026-07-15
ORD00188,216.02,2026-06-26
ORD00189,341.89,2026-07-18
ORD00190,311.6,2026-07-24
ORD00192,150.59,2026-06-24
ORD00193,294.19,2026-06-08
ORD00194,237.84,2026-06-07
ORD00195,114.71,2026-06-21
ORD00196,451.58,2026-06-15
ORD00197,66.89,2026-07-26
ORD00198,320.14,2026-06-23
ORD00199,411.03,2026-07-26
ORD00200,339.67,2026-07-20
ORD00202,129.97,2026-07-20
ORD00203,405.06,2026-07-26
ORD00204,318.59,2026-06-05
ORD00205,351.21,2026-06-25
ORD00206,129.55,2026-07-19
ORD00207,12.72,2026-07-24
ORD00208,387.32,2026-06-20
ORD00208,387.32,2026-05-13
ORD00209,218.32,2026-07-06
ORD00210,479.4,2026-07-15
ORD00211,34.61,2026-07-22
ORD00212,425.68,2026-06-23
ORD00213,402.69,2026-07-26
ORD00214,494.07,2026-07-24
ORD00215,475.52,2026-07-17
ORD00216,310.2,2026-07-18
ORD00217,257.34,2026-05-29
ORD00218,278.46,2026-07-20
ORD00219,374.39,2026-07-22
ORD00220,137.0,2026-06-19
ORD00221,322.45,2026-07-10
ORD00222,265.44,2026-07-15
ORD00223,129.55,2026-07-13
ORD00224,143.14,2026-07-10
ORD00225,274.67,2026-07-20
ORD00226,123.32,2026-07-01
ORD00227,335.18,2026-07-13
ORD00228,275.88,2026-07-25
ORD00229,111.35,2026-07-26
ORD00230,453.37,2026-07-25
ORD00231,350.81,2026-07-07
ORD00232,385.14,2026-07-24
ORD00233,12.89,2026-06-16
ORD00234,379.2,2026-07-24
ORD00235,477.18,2026-07-24
ORD00236,376.28,2026-07-24
ORD00237,305.59,2026-07-15
ORD00238,117.52,2026-07-19
ORD00239,24.22,2026-07-14
ORD00240,342.78,2026-06-19
ORD00241,90.87,2026-06-03
ORD00242,72.54,2026-04-30
ORD00243,23.21,2026-05-25
ORD00245,324.95,2026-06-26
ORD00246,216.65,2026-07-18
ORD00247,113.71,2026-07-18
ORD00248,383.0,2026-06-15
ORD00249,378.48,2026-07-24
ORD00250,131.66,2026-07-26
ORD00251,274.32,2026-07-26
ORD00252,181.48,2026-07-18
ORD00253,392.8,2026-07-16
ORD00254,379.57,2026-06-29
ORD00256,84.67,2026-07-05
ORD00256,84.67,2026-07-13
ORD00257,338.03,2026-05-12
ORD00258,116.8,2026-07-12
ORD00259,385.78,2026-06-05
ORD00260,307.55,2026-06-14
ORD00261,66.12,2026-07-06
ORD00262,482.71,2026-07-13
ORD00262,482.71,2026-07-26
ORD00263,22.58,2026-07-11
ORD00264,341.9,2026-07-04
ORD00265,204.36,2026-05-24
ORD00266,47.24,2026-05-28
ORD00267,317.35,2026-07-13
ORD00267,317.35,2026-07-17
ORD00268,388.52,2026-07-08
ORD00269,304.2,2026-07-15
ORD00269,304.2,2026-07-15
ORD00270,492.08,2026-07-26
ORD00271,180.13,2026-06-19
ORD00272,191.58,2026-07-17
ORD00273,177.2,2026-07-17
ORD00274,412.94,2026-05-16
ORD00274,412.94,2026-07-16
ORD00275,480.79,2026-07-02
ORD00276,416.07,2026-07-08
ORD00277,223.39,2026-07-26
ORD00278,483.08,2026-06-01
ORD00279,406.02,2026-07-06
ORD00280,246.91,2026-07-08
ORD00281,368.2,2026-07-21
ORD00282,427.34,2026-06-15
ORD00283,52.46,2026-07-22
ORD00284,129.49,2026-07-19
ORD00285,309.06,2026-06-14
ORD00286,24.06,2026-06-03
ORD00287,99.1,2026-07-25
ORD00288,400.94,2026-07-17
ORD00289,441.36,2026-07-26
ORD00291,438.27,2026-06-14
ORD00292,249.4,2026-06-06
ORD00293,348.4,2026-06-10
ORD00294,250.5,2026-06-27
ORD00295,55.6,2026-07-09
ORD00296,348.98,2026-07-22
ORD00297,294.96,2026-07-25
ORD00298,270.15,2026-07-03
ORD00299,375.51,2026-07-05
ORD00300,354.4,2026-07-08
ORD00301,133.19,2026-05-28
ORD00301,133.19,2026-07-13
ORD00302,104.37,2026-07-23
ORD00302,104.37,2026-07-19
ORD00303,272.57,2026-07-24
ORD00304,100.72,2026-07-06
ORD00305,247.26,2026-06-09
ORD00306,488.54,2026-07-06
ORD00307,148.67,2026-07-13
ORD00307,148.67,2026-07-07
ORD00308,105.12,2026-05-31
ORD00310,271.73,2026-07-19
ORD00311,487.4,2026-07-22
ORD00312,351.73,2026-05-31
ORD00312,351.73,2026-07-24
ORD00313,435.55,2026-07-26
ORD00314,437.63,2026-06-21
ORD00315,240.0,2026-06-27
ORD00316,53.23,2026-06-29
ORD00317,244.09,2026-07-16
ORD00318,174.51,2026-07-25
ORD00319,36.27,2026-07-24
ORD00320,285.79,2026-07-24
ORD00321,497.02,2026-07-26
ORD00321,497.02,2026-07-24
ORD00322,384.58,2026-07-16
ORD00323,397.46,2026-07-11
ORD00324,266.06,2026-07-21
ORD00325,226.93,2026-07-14
ORD00326,495.12,2026-07-18
ORD00327,314.3,2026-05-12
ORD00328,372.64,2026-07-03
ORD00329,111.82,2026-07-20
ORD00330,333.61,2026-07-07
ORD00331,94.04,2026-05-27
ORD00332,230.75,2026-06-26
ORD00333,152.72,2026-07-26
ORD00334,356.41,2026-07-07
ORD00335,232.48,2026-07-22
ORD00336,462.72,2026-07-26
ORD00337,316.28,2026-07-16
ORD00338,467.5,2026-05-26
ORD00339,276.84,2026-07-24
ORD00340,455.12,2026-06-28
ORD00341,44.99,2026-05-05
ORD00342,160.73,2026-07-19
ORD00343,288.91,2026-06-29
ORD00344,70.93,2026-07-21
ORD00345,352.87,2026-07-23
ORD00346,255.23,2026-07-19
ORD00348,221.69,2026-07-10
ORD00349,84.55,2026-07-09
ORD00350,419.62,2026-07-25
ORD00351,475.89,2026-06-06
ORD00352,339.42,2026-07-16
ORD00353,29.71,2026-07-23
ORD00354,240.55,2026-06-05
ORD00355,458.88,2026-07-17
ORD00356,296.81,2026-07-24
ORD00357,232.9,2026-06-13
ORD00358,173.32,2026-06-23
ORD00359,430.29,2026-07-07
ORD00360,349.9,2026-06-07
ORD00361,473.14,2026-07-20
ORD00362,279.55,2026-07-19
ORD00363,164.11,2026-07-25
ORD00364,485.39,2026-06-17
ORD00365,262.15,2026-06-27
ORD00366,332.25,2026-07-26
ORD00367,212.49,2026-07-18
ORD00368,187.27,2026-07-19
ORD00369,316.45,2026-06-19
ORD00370,109.74,2026-07-16
ORD00371,464.56,2026-07-23
ORD00372,352.14,2026-07-25
ORD00372,352.14,2026-07-25
ORD00373,486.84,2026-07-02
ORD00374,127.26,2026-07-26
ORD00375,279.91,2026-07-11
ORD00376,55.67,2026-07-15
ORD00377,457.34,2026-07-18
ORD00378,67.56,2026-05-22
ORD00379,254.2,2026-07-26
ORD00380,259.35,2026-07-22
ORD00381,419.01,2026-07-18
ORD00382,129.43,2026-07-08
ORD00383,197.96,2026-07-20
ORD00384,259.04,2026-07-12
ORD00385,433.37,2026-07-20
ORD00386,397.1,2026-07-08
ORD00387,467.78,2026-07-17
ORD00388,412.07,2026-06-23
ORD00389,156.29,2026-07-15
ORD00390,499.46,2026-07-22
ORD00391,82.81,2026-07-23
ORD00392,179.11,2026-07-24
ORD00393,276.28,2026-06-28
ORD00394,167.67,2026-07-25
ORD00395,351.77,2026-06-10
ORD00396,124.45,2026-07-15
ORD00397,31.39,2026-07-07
ORD00398,355.56,2026-07-21
ORD00399,199.18,2026-07-09
ORD00400,412.17,2026-07-20
ORD00402,256.12,2026-06-01
ORD00403,436.15,2026-07-22
ORD00404,225.75,2026-07-18
ORD00405,233.89,2026-07-09
ORD00406,210.89,2026-06-12
ORD00407,85.64,2026-07-15
ORD00408,484.91,2026-07-13
ORD00409,349.43,2026-07-21
ORD00410,427.36,2026-07-08
ORD00411,431.08,2026-06-25
ORD00412,165.16,2026-07-10
ORD00413,382.11,2026-07-18
ORD00414,-4.34,2026-06-26
ORD00415,461.26,2026-07-02
ORD00416,375.92,2026-07-16
ORD00417,58.24,2026-06-18
ORD00418,437.56,2026-07-22
ORD00419,350.06,2026-07-09
ORD00420,32.54,2026-06-12
ORD00421,153.75,2026-07-08
ORD00422,81.33,2026-07-14
ORD00423,287.3,2026-06-25
ORD00424,49.62,2026-07-12
ORD00425,313.66,2026-07-01
ORD00426,457.29,2026-07-25
ORD00427,235.96,2026-07-21
ORD00429,404.27,2026-07-16
ORD00430,342.03,2026-07-24
ORD00431,226.45,2026-07-18
ORD00432,297.91,2026-07-19
ORD00433,217.91,2026-07-21
ORD00434,424.2,2026-07-18
ORD00435,198.5,2026-06-21
ORD00436,126.23,2026-07-15
ORD00437,291.66,2026-07-12
ORD00438,154.66,2026-07-09
ORD00439,332.53,2026-07-18
ORD00440,287.31,2026-05-30
ORD00442,307.14,2026-07-21
ORD00443,453.04,2026-07-15
ORD00444,401.44,2026-07-15
ORD00445,182.64,2026-07-02
ORD00446,314.24,2026-06-24
ORD00447,363.25,2026-07-15
ORD00448,420.79,2026-07-02
ORD00449,452.67,2026-07-26
ORD00450,161.38,2026-06-25
ORD00451,293.99,2026-05-10
ORD00452,54.17,2026-07-25
ORD00453,376.27,2026-07-16
ORD00454,74.76,2026-07-13
ORD00455,486.03,2026-06-15
ORD00456,457.61,2026-07-19
ORD00457,135.92,2026-07-24
ORD00458,246.11,2026-06-10
ORD00459,375.81,2026-06-25
ORD00460,66.43,2026-05-27
ORD00461,78.97,2026-07-25
ORD00462,431.47,2026-06-11
ORD00463,490.17,2026-06-27
ORD00464,404.25,2026-06-11
ORD00466,272.92,2026-07-15
ORD00467,339.69,2026-06-11
ORD00468,296.43,2026-06-24
ORD00469,470.74,2026-07-13
ORD00469,470.74,2026-07-15
ORD00471,443.28,2026-06-17
ORD00472,458.48,2026-06-01
ORD00473,40.98,2026-07-09
ORD00474,455.6,2026-07-03
ORD00475,210.06,2026-07-19
ORD00476,473.67,2026-05-31
ORD00477,206.91,2026-06-06
ORD00478,76.48,2026-06-13
ORD00479,338.54,2026-07-03
ORD00480,473.53,2026-07-25
ORD00481,373.71,2026-07-21
ORD00482,188.31,2026-07-16
ORD00483,209.98,2026-06-07
ORD00484,26.03,2026-07-25
ORD00485,227.26,2026-07-22
ORD00486,394.57,2026-07-15
ORD00487,276.79,2026-07-25
ORD00488,185.75,2026-07-16
ORD00489,103.01,2026-07-15
ORD00489,103.01,2026-07-07
ORD00490,425.54,2026-06-16
ORD00491,334.76,2026-07-19
ORD00493,395.53,2026-07-03
ORD00494,71.7,2026-07-19
ORD00495,43.62,2026-07-26
ORD00496,111.51,2026-07-26
ORD00497,436.15,2026-07-06
ORD00498,82.3,2026-07-26
ORD00499,11.39,2026-06-27
ORD00500,80.9,2026-07-05
ORD00500,80.9,2026-06-13
ORD00501,132.82,2026-07-18
ORD00503,17.28,2026-05-15
ORD00504,126.59,2026-07-26
ORD00505,58.04,2026-06-26
ORD00506,267.78,2026-07-26
ORD00507,243.36,2026-07-05
ORD00508,261.49,2026-07-26
ORD00508,261.49,2026-06-11
ORD00509,256.88,2026-07-08
ORD00510,31.25,2026-07-14
ORD00511,434.82,2026-07-20
ORD00512,234.44,2026-06-27
ORD00513,39.8,2026-07-15
ORD00514,206.79,2026-07-22
ORD00515,250.23,2026-06-10
ORD00516,15.2,2026-05-19
ORD00517,42.18,2026-07-15
ORD00518,320.21,2026-06-19
ORD00519,169.34,2026-06-10
ORD00520,269.97,2026-06-06
ORD00521,271.27,2026-07-21
ORD00522,427.87,2026-07-20
ORD00523,386.79,2026-07-01
ORD00524,115.36,2026-07-10
ORD00525,121.96,2026-07-24
ORD00526,232.21,2026-06-24
ORD00527,56.59,2026-07-06
ORD00528,335.9,2026-07-26
ORD00529,84.79,2026-07-03
ORD00530,42.9,2026-06-27
ORD00531,18.48,2026-07-13
ORD00532,407.77,2026-06-09
ORD00533,297.37,2026-07-17
ORD00534,171.53,2026-06-11
ORD00534,171.53,2026-07-16
ORD00535,183.26,2026-07-04
ORD00536,377.64,2026-07-20
ORD00537,363.32,2026-06-25
ORD00538,304.2,2026-06-17
ORD00539,293.18,2026-07-15
ORD00540,331.8,2026-07-09
ORD00541,63.03,2026-07-15
ORD00542,190.1,2026-07-12
ORD00543,291.31,2026-07-17
ORD00544,424.13,2026-07-15
ORD00545,411.03,2026-07-06
ORD00547,465.25,2026-07-12
ORD00548,141.05,2026-07-02
ORD00549,354.32,2026-07-25
ORD00551,436.23,2026-07-21
ORD00552,206.38,2026-06-25
ORD00554,375.59,2026-06-26
ORD00555,215.72,2026-07-24
ORD00556,191.33,2026-06-08
ORD00557,390.65,2026-07-15
ORD00558,42.92,2026-07-07
ORD00559,312.74,2026-07-01
ORD00560,143.33,2026-07-23
ORD00561,247.97,2026-05-17
ORD00562,143.85,2026-07-11
ORD00563,65.77,2026-07-02
ORD00564,148.79,2026-07-08
ORD00565,248.45,2026-07-14
ORD00566,32.25,2026-05-21
ORD00568,157.7,2026-07-23
ORD00569,77.25,2026-06-11
ORD00571,376.04,2026-07-05
ORD00572,196.3,2026-06-12
ORD00573,255.13,2026-07-15
ORD00574,361.81,2026-06-16
ORD00576,461.37,2026-07-05
ORD00577,292.12,2026-07-07
ORD00578,357.65,2026-06-28
ORD00580,169.14,2026-07-17
ORD00581,312.88,2026-07-26
ORD00582,418.31,2026-06-18
ORD00583,129.23,2026-07-25
ORD00584,266.74,2026-07-17
ORD00585,162.03,2026-07-02
ORD00586,173.2,2026-07-11
ORD00587,260.14,2026-07-18
ORD00587,260.14,2026-07-22
ORD00588,259.88,2026-07-24
ORD00589,181.19,2026-07-12
ORD00590,411.28,2026-07-21
ORD00591,125.77,2026-07-06
ORD00592,106.66,2026-07-25
ORD00593,382.51,2026-04-29
ORD00594,96.8,2026-07-07
ORD00595,252.12,2026-06-16
ORD00596,382.34,2026-05-27
ORD00597,462.84,2026-07-16
ORD00598,321.3,2026-07-03
ORD00599,433.48,2026-05-10
ORD00600,61.3,2026-07-20
ORD00601,158.38,2026-05-19
ORD00602,37.52,2026-07-22
ORD00603,162.1,2026-07-16
ORD00604,37.88,2026-06-15
ORD00605,47.6,2026-07-10
ORD00606,429.09,2026-06-30
ORD00607,258.46,2026-06-21
ORD00608,281.62,2026-06-21
ORD00609,448.98,2026-07-23
ORD00610,406.81,2026-06-19
ORD00611,167.55,2026-06-27
ORD00612,77.85,2026-07-15
ORD00613,450.57,2026-06-20
ORD00614,360.01,2026-07-02
ORD00615,94.55,2026-07-04
ORD00616,224.5,2026-05-04
ORD00617,266.15,2026-07-23
ORD00618,192.7,2026-06-22
ORD00619,210.3,2026-06-08
ORD00620,302.96,2026-07-20
ORD00621,321.55,2026-07-26
ORD00622,342.41,2026-07-20
ORD00623,364.63,2026-07-12
ORD00624,454.11,2026-07-08
ORD00625,173.35,2026-06-07
ORD00626,79.3,2026-07-24
ORD00627,484.17,2026-07-25
ORD00628,202.06,2026-07-23
ORD00629,469.62,2026-05-21
ORD00630,194.57,2026-06-13
ORD00631,408.46,2026-05-21
ORD00632,416.19,2026-06-07
ORD00633,345.85,2026-07-25
ORD00634,326.55,2026-06-14
ORD00635,187.3,2026-07-17
ORD00636,98.33,2026-06-22
ORD00637,474.36,2026-06-03
ORD00638,121.01,2026-06-26
ORD00639,47.81,2026-07-08
ORD00640,59.56,2026-07-20
ORD00641,419.21,2026-07-10
ORD00642,28.5,2026-05-20
ORD00643,385.49,2026-06-28
ORD00644,194.59,2026-05-13
ORD00645,417.36,2026-06-30
ORD00646,406.43,2026-06-15
ORD00647,224.46,2026-06-26
ORD00648,341.42,2026-07-05
ORD00649,227.66,2026-06-26
ORD00650,376.78,2026-06-10
ORD00651,271.67,2026-07-22
ORD00652,406.23,2026-07-19
ORD00653,419.21,2026-05-26
ORD00654,474.09,2026-07-10
ORD00655,236.22,2026-07-09
ORD00656,197.12,2026-06-20
ORD00657,483.47,2026-07-05
ORD00658,402.62,2026-06-26
ORD00659,132.5,2026-05-21
ORD00660,438.32,2026-07-18
ORD00661,60.27,2026-05-08
ORD00662,427.07,2026-05-12
ORD00663,383.93,2026-07-26
ORD00664,453.6,2026-07-16
ORD00665,224.36,2026-06-23
ORD00666,118.8,2026-07-23
ORD00668,36.1,2026-07-10
ORD00669,125.53,2026-07-08
ORD00671,466.1,2026-07-07
ORD00672,328.48,2026-06-19
ORD00673,77.42,2026-06-14
ORD00674,416.58,2026-06-25
ORD00675,78.01,2026-07-22
ORD00677,48.82,2026-06-30
ORD00678,419.13,2026-06-18
ORD00679,366.35,2026-07-26
ORD00680,64.48,2026-07-14
ORD00682,215.71,2026-06-21
ORD00683,233.99,2026-07-26
ORD00683,233.99,2026-07-26
ORD00684,453.52,2026-07-17
ORD00685,18.05,2026-06-13
ORD00686,128.55,2026-07-12
ORD00687,220.33,2026-07-15
ORD00688,127.88,2026-07-17
ORD00689,286.78,2026-07-24
ORD00690,43.16,2026-07-20
ORD00691,258.59,2026-06-22
ORD00692,281.53,2026-07-26
ORD00693,240.37,2026-06-24
ORD00694,490.71,2026-05-29
ORD00695,17.96,2026-07-21
ORD00696,178.95,2026-05-23
ORD00697,317.85,2026-07-23
ORD00698,370.24,2026-07-06
ORD00699,31.72,2026-06-24
ORD00700,408.62,2026-05-14
ORD00701,391.78,2026-07-03
ORD00702,350.74,2026-05-22
ORD00703,368.6,2026-06-02
ORD00704,234.26,2026-06-23
ORD00705,31.47,2026-07-09
ORD00706,30.53,2026-07-03
ORD00707,262.54,2026-07-12
ORD00708,276.09,2026-07-15
ORD00709,379.11,2026-07-05
ORD00710,184.92,2026-07-12
ORD00711,434.24,2026-07-15
ORD00712,70.99,2026-07-16
ORD00713,445.85,2026-06-06
ORD00714,448.37,2026-07-26
ORD00715,487.12,2026-07-19
ORD00716,253.79,2026-07-19
ORD00717,264.45,2026-06-29
ORD00718,335.75,2026-06-14
ORD00719,412.95,2026-07-15
ORD00720,134.0,2026-05-28
ORD00721,160.18,2026-07-23
ORD00722,218.8,2026-07-07
ORD00724,436.32,2026-06-01
ORD00725,499.09,2026-07-17
ORD00726,490.21,2026-07-01
ORD00727,46.77,2026-06-27
ORD00728,188.02,2026-07-07
ORD00729,342.91,2026-07-25
ORD00730,79.96,2026-07-11
ORD00732,42.94,2026-06-25
ORD00733,189.5,2026-07-24
ORD00734,287.95,2026-06-16
ORD00735,342.74,2026-06-11
ORD00736,192.29,2026-07-05
ORD00737,291.22,2026-07-07
ORD00738,205.04,2026-07-21
ORD00739,132.31,2026-07-17
ORD00739,132.31,2026-07-22
ORD00740,370.48,2026-05-05
ORD00741,199.62,2026-06-10
ORD00742,138.27,2026-06-05
ORD00743,228.67,2026-07-07
ORD00744,149.93,2026-07-26
ORD00745,250.69,2026-07-23
ORD00745,250.69,2026-07-25
ORD00746,427.88,2026-07-24
ORD00747,450.35,2026-06-27
ORD00748,53.02,2026-06-16
ORD00749,424.31,2026-06-13
ORD00750,152.67,2026-07-26
ORD00751,446.75,2026-07-21
ORD00752,358.79,2026-07-21
ORD00753,322.47,2026-07-11
ORD00754,259.29,2026-06-26
ORD00754,259.29,2026-07-14
ORD00755,108.48,2026-05-30
ORD00757,281.47,2026-07-13
ORD00758,403.79,2026-07-24
ORD00759,293.69,2026-05-29
ORD00760,499.8,2026-07-03
ORD00761,267.59,2026-07-19
ORD00762,364.79,2026-07-25
ORD00763,324.75,2026-07-24
ORD00764,343.25,2026-07-25
ORD00765,440.2,2026-06-28
ORD00766,323.5,2026-07-05
ORD00767,483.47,2026-07-10
ORD00768,449.17,2026-07-17
ORD00769,84.98,2026-05-14
ORD00770,168.1,2026-07-23
ORD00771,179.55,2026-07-26
ORD00772,448.51,2026-06-01
ORD00773,132.8,2026-06-13
ORD00774,279.91,2026-06-26
ORD00774,279.91,2026-06-28
ORD00775,158.38,2026-07-19
ORD00776,256.26,2026-06-05
ORD00777,471.39,2026-07-23
ORD00778,332.78,2026-07-12
ORD00779,306.52,2026-05-16
ORD00780,286.17,2026-07-22
ORD00782,324.31,2026-05-28
ORD00783,329.05,2026-06-05
ORD00784,214.13,2026-07-15
ORD00785,254.04,2026-06-16
ORD00786,151.94,2026-06-07
ORD00787,246.64,2026-06-29
ORD00788,345.65,2026-06-21
ORD00789,23.22,2026-07-20
ORD00790,247.28,2026-05-20
ORD00791,307.26,2026-06-18
ORD00792,362.0,2026-06-13
ORD00793,431.78,2026-07-21
ORD00794,74.08,2026-07-11
ORD00795,285.21,2026-06-09
ORD00796,238.57,2026-07-24
ORD00797,116.26,2026-05-27
ORD00798,198.23,2026-06-19
ORD00799,131.65,2026-07-22
ORD00800,88.25,2026-06-12
ORD00801,293.07,2026-06-01
ORD00802,383.93,2026-07-23
ORD00803,262.22,2026-07-17
ORD00805,473.16,2026-06-12
ORD00806,483.68,2026-07-24
ORD00807,157.67,2026-07-03
ORD00808,442.35,2026-07-21
ORD00809,240.59,2026-06-15
ORD00810,425.11,2026-07-08
ORD00811,442.4,2026-07-19
ORD00812,384.29,2026-07-21
ORD00813,206.28,2026-07-11
ORD00814,105.38,2026-07-01
ORD00815,46.03,2026-07-20
ORD00816,384.56,2026-06-26
ORD00817,494.65,2026-07-05
ORD00818,68.22,2026-07-19
ORD00819,203.01,2026-06-23
ORD00820,176.15,2026-07-22
ORD00821,379.93,2026-07-20
ORD00822,259.47,2026-07-20
ORD00823,32.2,2026-07-14
ORD00824,173.19,2026-07-04
ORD00825,233.92,2026-07-06
ORD00826,262.6,2026-07-23
ORD00827,310.4,2026-07-10
ORD00828,495.4,2026-06-04
ORD00829,156.62,2026-07-06
ORD00830,415.86,2026-07-17
ORD00831,357.28,2026-06-18
ORD00832,409.72,2026-07-23
ORD00833,340.17,2026-07-03
ORD00834,296.01,2026-07-23
ORD00835,365.41,2026-07-25
ORD00836,23.06,2026-06-25
ORD00837,483.86,2026-07-26
ORD00838,390.32,2026-07-04
ORD00839,363.49,2026-07-24
ORD00840,93.55,2026-07-20
ORD00841,313.67,2026-07-23
ORD00842,82.41,2026-07-23
ORD00843,25.47,2026-07-15
ORD00845,163.71,2026-07-17
ORD00846,348.35,2026-06-04
ORD00847,389.74,2026-05-25
ORD00848,437.68,2026-07-12
ORD00849,40.52,2026-07-24
ORD00850,111.6,2026-07-05
ORD00851,334.49,2026-07-17
ORD00852,163.74,2026-07-24
ORD00853,456.94,2026-07-07
ORD00854,183.6,2026-06-16
ORD00855,363.25,2026-07-07
ORD00856,349.72,2026-07-26
ORD00857,104.21,2026-06-29
ORD00858,283.46,2026-06-11
ORD00859,486.73,2026-07-21
ORD00860,151.61,2026-06-24
ORD00861,355.44,2026-06-27
ORD00862,180.91,2026-07-26
ORD00863,399.75,2026-06-26
ORD00864,69.72,2026-07-12
ORD00865,196.05,2026-06-03
ORD00866,411.0,2026-07-23
ORD00867,404.26,2026-07-25
ORD00868,150.94,2026-06-29
ORD00869,179.72,2026-07-11
ORD00870,135.66,2026-07-26
ORD00871,109.01,2026-07-16
ORD00872,467.18,2026-07-17
ORD00873,77.26,2026-07-07
ORD00874,297.55,2026-07-25
ORD00875,338.22,2026-07-09
ORD00876,301.34,2026-07-24
ORD00877,361.51,2026-07-21
ORD00877,361.51,2026-07-24
ORD00879,279.67,2026-06-16
ORD00880,209.38,2026-06-07
ORD00881,440.42,2026-06-10
ORD00882,107.73,2026-07-18
ORD00883,167.37,2026-06-19
ORD00884,425.76,2026-05-27
ORD00885,272.22,2026-07-21
ORD00886,468.97,2026-07-21
ORD00887,95.78,2026-07-20
ORD00888,96.14,2026-04-29
ORD00889,498.61,2026-07-06
ORD00890,252.74,2026-06-27
ORD00891,481.44,2026-07-24
ORD00893,288.3,2026-07-25
ORD00893,288.3,2026-07-15
ORD00894,491.67,2026-07-21
ORD00895,494.66,2026-06-25
ORD00896,252.02,2026-06-23
ORD00897,427.02,2026-06-17
ORD00898,104.48,2026-06-29
ORD00898,104.48,2026-06-21
ORD00899,89.62,2026-07-09
ORD00900,136.06,2026-07-09
ORD00901,370.94,2026-06-16
ORD00902,288.21,2026-05-28
ORD00903,95.99,2026-07-23
ORD00904,449.55,2026-07-07
ORD00905,228.7,2026-07-25
ORD00906,100.54,2026-06-15
ORD00907,168.56,2026-07-14
ORD00908,137.78,2026-06-27
ORD00909,379.34,2026-06-27
ORD00910,157.95,2026-07-07
ORD00911,15.6,2026-07-26
ORD00912,342.67,2026-07-09
ORD00913,160.34,2026-06-27
ORD00914,256.24,2026-07-05
ORD00915,354.74,2026-07-19
ORD00916,67.53,2026-06-28
ORD00917,154.57,2026-06-26
ORD00918,117.37,2026-07-06
ORD00919,85.06,2026-07-26
ORD00920,306.81,2026-06-07
ORD00921,279.12,2026-05-29
ORD00922,273.38,2026-07-24
ORD00923,117.02,2026-07-21
ORD00924,379.82,2026-05-13
ORD00925,50.12,2026-07-06
ORD00926,326.21,2026-07-16
ORD00927,40.26,2026-07-11
ORD00928,257.69,2026-06-21
ORD00929,83.43,2026-07-09
ORD00930,264.97,2026-07-18
ORD00930,264.97,2026-07-24
ORD00931,110.65,2026-07-08
ORD00932,54.56,2026-07-21
ORD00933,406.26,2026-07-14
ORD00934,261.49,2026-07-25
ORD00935,38.29,2026-07-24
ORD00936,405.39,2026-07-20
ORD00937,204.01,2026-07-19
ORD00938,375.44,2026-06-23
ORD00939,32.19,2026-07-21
ORD00940,41.24,2026-05-15
ORD00941,421.19,2026-05-25
ORD00942,25.55,2026-07-17
ORD00943,386.8,2026-06-06
ORD00944,489.38,2026-06-27
ORD00945,215.98,2026-07-24
ORD00946,197.42,2026-07-14
ORD00947,454.32,2026-07-05
ORD00948,344.54,2026-07-14
ORD00949,274.26,2026-07-11
ORD00950,180.41,2026-07-16
ORD00951,273.26,2026-07-19
ORD00952,366.65,2026-06-25
ORD00954,156.2,2026-07-25
ORD00955,276.78,2026-07-08
ORD00956,413.45,2026-07-24
ORD00957,179.62,2026-06-16
ORD00958,469.33,2026-06-26
ORD00959,65.29,2026-07-17
ORD00960,215.43,2026-06-11
ORD00962,110.98,2026-07-25
ORD00962,110.98,2026-07-26
ORD00963,26.45,2026-06-01
ORD00965,372.87,2026-07-22
ORD00966,124.83,2026-07-19
ORD00967,407.54,2026-07-24
ORD00968,151.74,2026-06-23
ORD00969,368.44,2026-07-11
ORD00970,302.98,2026-07-11
ORD00971,167.13,2026-06-05
ORD00972,80.2,2026-07-10
ORD00973,118.31,2026-06-21
ORD00974,39.87,2026-07-13
ORD00975,441.06,2026-06-08
ORD00976,316.74,2026-07-19
ORD00977,252.85,2026-07-07
ORD00978,471.38,2026-06-13
ORD00979,395.04,2026-06-29
ORD00980,214.0,2026-07-03
ORD00981,194.47,2026-06-29
ORD00982,242.02,2026-07-24
ORD00983,157.36,2026-07-15
ORD00984,404.83,2026-06-29
ORD00985,285.57,2026-07-02
ORD00986,283.07,2026-07-06
ORD00987,129.0,2026-07-08
ORD00988,326.89,2026-06-14
ORD00989,388.6,2026-07-03
ORD00990,103.34,2026-07-25
ORD00991,340.1,2026-05-25
ORD00992,438.07,2026-07-25
ORD00993,383.23,2026-06-05
ORD00994,283.84,2026-07-24
ORD00995,436.04,2026-07-15
ORD00997,469.21,2026-06-25
ORD00998,67.48,2026-07-06
ORD00999,244.67,2026-07-14
