order_id,customer,amount,order_date
ORD00000,Patrick Sanchez,323.32,2026-07-02
ORD00001,Megan Mcclain,144.76,2026-05-14
ORD00002,Allen Robinson,370.87,2026-06-27
ORD00003,Cristian Santos,447.17,2026-06-28
ORD00004,Kevin Pacheco,24.6,2026-06-10
ORD00005,Melissa Peterson,257.62,2026-07-13
ORD00006,Phillip Garcia,107.43,2026-05-16
ORD00007,Gregory Baker,277.02,2026-05-10
ORD00008,Calvin Nielsen,298.74,2026-07-10
ORD00009,Mark Mcclure,13.18,2026-06-23
ORD00010,Benjamin Stanley,352.09,2026-06-26
ORD00011,Sharon James,86.18,2026-05-08
ORD00012,Carla Kelly,174.93,2026-07-01
ORD00013,Maria Lynch,425.27,2026-07-08
ORD00014,Carla Gray,405.49,2026-06-21
ORD00015,Melinda Cameron,272.75,2026-07-06
ORD00016,Renee Morales,195.48,2026-05-23
ORD00017,Latoya Robbins,416.41,2026-05-21
ORD00018,Dr. Marvin Thomas Jr.,432.24,2026-07-03
ORD00019,Kevin Hurst,355.24,2026-06-22
ORD00020,Zachary Taylor,121.67,2026-06-08
ORD00021,Shannon Hernandez,49.1,2026-05-09
ORD00022,Linda Cruz,59.49,2026-07-16
ORD00023,Tricia Valencia,321.49,2026-06-15
ORD00024,Melanie Herrera,191.39,2026-07-06
ORD00025,Ashley Graham,140.82,2026-07-14
ORD00026,Sherri Baker,327.54,2026-05-01
ORD00027,Thomas Harrell,93.86,2026-07-13
ORD00028,Lisa Hernandez,90.07,2026-07-21
ORD00029,Paula Moreno,494.87,2026-05-16
ORD00030,Alec Hickman,282.91,2026-06-28
ORD00031,Shawn Arroyo,423.0,2026-05-24
ORD00032,Mr. Philip Cannon,122.23,2026-07-11
ORD00033,Theresa Martin,164.57,2026-05-13
ORD00034,Tracey Hickman,113.38,2026-07-24
ORD00035,Zachary Santos,439.42,2026-07-09
ORD00036,Barbara Walker,331.16,2026-07-27
ORD00037,Crystal Robinson,458.13,2026-05-03
ORD00038,Crystal Whitehead,139.79,2026-07-08
ORD00039,David Caldwell,285.07,2026-06-02
ORD00040,Timothy Duncan,296.45,2026-06-22
ORD00041,Rhonda Lee,205.71,2026-05-24
ORD00042,Jeff Owens,498.79,2026-07-03
ORD00043,Maria Brown,54.55,2026-07-05
ORD00044,Scott Wright,63.73,2026-07-10
ORD00045,Javier Ramirez,398.12,2026-06-22
ORD00046,Jessica Callahan,41.13,2026-07-24
ORD00047,Zachary Huff,498.1,2026-05-10
ORD00048,Cynthia Russell,485.83,2026-07-29
ORD00049,Stephanie Martin,15.63,2026-05-21
ORD00050,Richard Gibson,344.04,2026-06-07
ORD00051,Whitney Peters,140.74,2026-07-07
ORD00052,Edward Novak,64.66,2026-06-17
ORD00053,Nicole Brown,232.32,2026-07-11
ORD00054,Sarah Moore,439.17,2026-06-16
ORD00055,Andrea Jones,255.29,2026-05-08
ORD00056,Todd Hudson,457.19,2026-05-23
ORD00057,Bradley Sandoval,156.24,2026-06-27
ORD00058,Dean Santiago,308.4,2026-06-20
ORD00059,Carlos Brewer,383.63,2026-05-24
ORD00060,Taylor Smith,391.53,2026-05-31
ORD00061,Angel Lewis MD,10.28,2026-06-24
ORD00062,David Mitchell,19.54,2026-07-25
ORD00063,Elizabeth Riggs,440.57,2026-07-20
ORD00064,Mary Spencer,160.68,2026-07-03
ORD00065,Brian Rodriguez,474.01,2026-07-25
ORD00066,Larry Robbins,43.91,2026-05-16
ORD00067,Deborah Freeman,385.26,2026-07-06
ORD00068,Sandra Williams,242.89,2026-05-09
ORD00069,William Martin,139.88,2026-07-14
ORD00070,Kristina Rodriguez,217.34,2026-06-23
ORD00071,Andrew Wood,274.26,2026-07-27
ORD00072,Andrew Diaz,108.56,2026-05-15
ORD00073,Michael Estrada,497.62,2026-07-27
ORD00074,Shelly Dickson,224.67,2026-07-15
ORD00075,Sharon Cherry,69.29,2026-07-29
ORD00076,Christopher Middleton,175.66,2026-07-25
ORD00077,Michael Moss,122.76,2026-07-30
ORD00078,Michael Reyes,44.79,2026-05-26
ORD00079,Curtis Sellers,122.18,2026-07-23
ORD00080,Shelby Walker,431.22,2026-05-30
ORD00081,Sean Rasmussen,337.8,2026-06-08
ORD00082,Jennifer Zavala,74.83,2026-06-04
ORD00083,Ashley Waller,289.81,2026-06-02
ORD00084,Deborah Rodriguez,394.46,2026-06-26
ORD00085,Emily Obrien,103.3,2026-06-03
ORD00086,Kenneth Scott,217.55,2026-05-12
ORD00087,Timothy Ryan,367.25,2026-06-12
ORD00088,Travis Mccall,492.24,2026-06-05
ORD00089,Michelle Evans,176.26,2026-07-04
ORD00090,James Phillips,131.84,2026-07-04
ORD00091,Todd Byrd,229.82,2026-05-19
ORD00092,Jennifer Bass,146.49,2026-06-29
ORD00093,Richard Lawson,462.4,2026-05-28
ORD00094,Michael Dixon,432.06,2026-06-15
ORD00095,Nancy Hopkins,34.79,2026-07-27
ORD00096,Lisa Davis,419.65,2026-06-20
ORD00097,Courtney Gonzalez,463.92,2026-05-23
ORD00098,John Atkinson,91.49,2026-05-05
ORD00099,Mark Lee,114.74,2026-06-14
ORD00100,David Douglas Jr.,38.73,2026-06-07
ORD00101,Christopher Rubio,492.8,2026-07-15
ORD00102,David Charles,394.19,2026-06-15
ORD00103,Mary Travis,217.27,2026-05-13
ORD00104,Stephanie Salazar,497.76,2026-05-31
ORD00105,Kimberly Merritt,362.02,2026-06-11
ORD00106,David Walsh,155.39,2026-06-13
ORD00107,Lori Hill,293.8,2026-07-15
ORD00108,Devon Flores,376.51,2026-07-09
ORD00109,David Benson,256.4,2026-05-08
ORD00110,Jason Daniels,87.14,2026-05-21
ORD00111,Jason Stein,49.25,2026-05-07
ORD00112,Spencer Johnston,301.57,2026-07-07
ORD00113,Elizabeth Price,125.25,2026-05-01
ORD00114,Paul Payne,446.24,2026-07-21
ORD00115,Daniel Graham,301.31,2026-07-27
ORD00116,Michael Powell,215.42,2026-06-07
ORD00117,Cameron Dean,266.16,2026-07-21
ORD00118,Justin Johnson,110.09,2026-07-28
ORD00119,Joel Williams,126.96,2026-06-11
ORD00120,Gabriel Juarez,339.13,2026-06-01
ORD00121,Sandra King,164.93,2026-05-28
ORD00122,Joshua Cooke,45.55,2026-06-15
ORD00123,Rachael Pearson,499.24,2026-05-22
ORD00124,Alex Hernandez,45.9,2026-05-25
ORD00125,Kristy Robinson,139.95,2026-06-15
ORD00126,Carol Lawson,441.62,2026-05-25
ORD00127,Traci Rodriguez,191.07,2026-07-15
ORD00128,Michael Rubio,418.54,2026-07-30
ORD00129,Kevin Rivas,309.72,2026-07-09
ORD00130,Elizabeth Sutton,330.45,2026-05-10
ORD00131,William Patton,410.38,2026-07-18
ORD00132,Jacob Hunter,335.06,2026-06-21
ORD00133,Samantha Garcia,75.8,2026-05-02
ORD00134,Julia Hernandez,62.45,2026-07-01
ORD00135,Marie Gilbert,143.45,2026-07-11
ORD00136,Mr. Nicholas Adams,361.63,2026-07-15
ORD00137,Diana Hayes,320.78,2026-07-20
ORD00138,Mary Rogers,249.38,2026-06-15
ORD00139,John Kelly,424.59,2026-07-22
ORD00140,Kyle Beard,145.57,2026-06-03
ORD00141,Travis Miller,387.85,2026-06-23
ORD00142,Peter Vaughn DDS,138.36,2026-06-09
ORD00143,Anna Walker,280.32,2026-06-13
ORD00144,Kevin Kennedy,14.74,2026-05-24
ORD00145,Patrick Rivera,452.93,2026-06-03
ORD00146,David Griffith,418.95,2026-05-27
ORD00147,Tiffany Vaughn,82.57,2026-05-12
ORD00148,Destiny Lawrence,161.05,2026-05-22
ORD00149,Brian Lee,400.1,2026-06-27
ORD00150,Adrian Ferguson,450.47,2026-06-05
ORD00151,Kristen Terry,132.27,2026-05-05
ORD00152,Katherine Salas,392.26,2026-07-01
ORD00153,Jeremiah Lopez,209.12,2026-05-28
ORD00154,Karen Short,85.73,2026-05-25
ORD00155,Mark Brown,433.66,2026-06-17
ORD00156,Elizabeth Mcknight,407.28,2026-07-18
ORD00157,Lisa Gibbs,22.15,2026-06-24
ORD00158,Joanna Ramos,172.77,2026-07-15
ORD00159,Marc Lynch,403.1,2026-06-11
ORD00160,Daniel Guerrero,407.27,2026-07-14
ORD00161,Benjamin Smith,395.81,2026-05-24
ORD00162,Doris Hall,437.36,2026-07-06
ORD00163,Andrea Hall,118.99,2026-07-08
ORD00164,Leah Lara,235.55,2026-07-16
ORD00165,Danny Hernandez,399.72,2026-06-11
ORD00166,Anthony Sparks,21.6,2026-07-20
ORD00167,Tammy Gonzales,170.85,2026-07-12
ORD00168,James Nelson,483.78,2026-07-06
ORD00169,Andrew Reynolds,324.33,2026-06-12
ORD00170,Brandon Hayden,490.76,2026-06-28
ORD00171,Yvonne Chambers,470.23,2026-06-27
ORD00172,Peter Ruiz,485.5,2026-06-25
ORD00173,Catherine Richards,481.64,2026-06-12
ORD00174,Jason Morris,63.12,2026-05-09
ORD00175,Jason Simpson,366.99,2026-07-23
ORD00176,Amanda Miller,307.04,2026-07-18
ORD00177,Raymond Hancock,198.75,2026-06-01
ORD00178,Julia Brown,134.81,2026-07-03
ORD00179,Kathleen Ramos,10.83,2026-06-05
ORD00180,Carlos Roberts,273.84,2026-05-20
ORD00181,William Lynch,373.56,2026-06-17
ORD00182,Juan Tran,188.47,2026-07-08
ORD00183,Susan Murray MD,171.8,2026-05-22
ORD00184,Dorothy Thornton,425.53,2026-06-18
ORD00185,Mr. Jesus Thomas,157.16,2026-07-21
ORD00186,Nicole Taylor,210.11,2026-07-29
ORD00187,Sarah Morgan,154.87,2026-05-27
ORD00188,Diane Evans,216.02,2026-05-26
ORD00189,Mrs. Brittany Ryan MD,341.89,2026-06-26
ORD00190,Jordan Morris,311.6,2026-07-14
ORD00191,James Chase,278.49,2026-07-07
ORD00192,Patrick Thornton,150.59,2026-06-09
ORD00193,Rebecca Pearson MD,294.19,2026-06-07
ORD00194,Leslie Kane,237.84,2026-05-13
ORD00195,Joyce Bowen,114.71,2026-05-10
ORD00196,Brittany Harrison,451.58,2026-07-24
ORD00197,Jennifer Miller,93.15,2026-06-02
ORD00198,Kimberly Finley,320.14,2026-07-22
ORD00199,Katherine Weaver,411.03,2026-07-09
ORD00200,Michael Mitchell,339.67,2026-05-07
ORD00201,William Hodges,107.57,2026-07-12
ORD00202,Jill Benson,129.97,2026-07-08
ORD00203,Robert Carter,426.37,2026-05-03
ORD00204,Joseph Knight,318.59,2026-06-11
ORD00205,Leon Reyes,351.21,2026-05-17
ORD00206,Mr. David Little MD,129.55,2026-05-24
ORD00207,Julie Roberts,12.72,2026-05-01
ORD00208,Tony Huerta,387.32,2026-05-16
ORD00209,Melissa Bryant,218.32,2026-07-02
ORD00210,Dr. Ashley James MD,479.4,2026-05-20
ORD00211,William Barrett,34.61,2026-07-07
ORD00212,Melissa Garner,425.68,2026-05-01
ORD00213,Kathleen Strong,402.69,2026-07-28
ORD00214,Lisa Gomez,494.07,2026-07-15
ORD00215,Megan Le,475.52,2026-05-19
ORD00216,Lori Berger,310.2,2026-07-06
ORD00217,Amanda Diaz,257.34,2026-05-30
ORD00218,Erin Perry,278.46,2026-05-09
ORD00219,Sherri Diaz,374.39,2026-05-13
ORD00220,Christopher Sloan,137.0,2026-07-28
ORD00221,Elizabeth Harrell,322.45,2026-06-16
ORD00222,Bernard Webster,265.44,2026-05-12
ORD00223,Megan Sanders,144.55,2026-07-23
ORD00224,James Baker,143.14,2026-06-05
ORD00225,Paul Baker,274.67,2026-06-14
ORD00226,Jacqueline Leonard,123.32,2026-07-19
ORD00227,Terri Murphy,356.15,2026-05-03
ORD00228,Madison Marshall,275.88,2026-05-22
ORD00229,Audrey Williams,111.35,2026-05-30
ORD00230,Audrey Young DDS,453.37,2026-05-30
ORD00231,Travis Horton,350.81,2026-06-14
ORD00232,Molly Mcclure,385.14,2026-06-10
ORD00233,Jason Lynn Jr.,12.89,2026-07-20
ORD00234,Trevor Foley,379.2,2026-05-22
ORD00235,Steven Newman,477.18,2026-07-06
ORD00236,Walter Rush,376.28,2026-06-08
ORD00237,Maria Harper,305.59,2026-05-09
ORD00238,Dana Martinez,117.52,2026-05-05
ORD00239,Phillip Clark,24.22,2026-05-20
ORD00240,Erin Hernandez,342.78,2026-07-18
ORD00241,Brianna Anderson,90.87,2026-05-27
ORD00242,Matthew Johnson,72.54,2026-07-17
ORD00243,Cynthia Morris,23.21,2026-06-04
ORD00244,Patrick Fox,286.55,2026-05-26
ORD00245,Jerome Cox,324.95,2026-07-12
ORD00246,Daniel Gilbert,236.23,2026-05-11
ORD00247,Mary Turner,113.71,2026-07-16
ORD00248,Dr. Jessica Rodriguez DDS,383.0,2026-05-06
ORD00249,Erica Hernandez,378.48,2026-05-08
ORD00250,Lauren Joseph,133.61,2026-05-27
ORD00251,Jody Jacobs,274.32,2026-06-28
ORD00252,Sarah Curtis,181.48,2026-07-17
ORD00253,Jessica Beasley,392.8,2026-07-09
ORD00254,Jennifer Blair,379.57,2026-06-02
ORD00255,David Mckay,107.69,2026-06-11
ORD00256,Andrea Decker,84.67,2026-07-06
ORD00257,Parker Cain,338.03,2026-06-11
ORD00258,Kristina Santiago,116.8,2026-06-26
ORD00259,Teresa Henderson,385.78,2026-06-04
ORD00260,Heather Lane,307.55,2026-05-28
ORD00261,Courtney Rodriguez,66.12,2026-05-16
ORD00262,Donald Perez,482.71,2026-06-05
ORD00263,Patricia Howell,22.58,2026-07-22
ORD00264,Lisa Barrett,341.9,2026-07-02
ORD00265,Michael Parker,204.36,2026-05-03
ORD00266,Sergio Knight,47.24,2026-06-04
ORD00267,Mark Johnson,317.35,2026-05-07
ORD00268,Jason Peterson,388.52,2026-06-21
ORD00269,Paula Bradley,304.2,2026-05-31
ORD00270,Christopher Williamson,492.08,2026-07-25
ORD00271,Matthew Tucker,180.13,2026-05-08
ORD00272,Paul Wilson,191.58,2026-06-10
ORD00273,Michael Tucker,177.2,2026-05-11
ORD00274,James Greene,412.94,2026-05-30
ORD00275,Daniel Taylor,480.79,2026-05-20
ORD00276,Adam Burgess,416.07,2026-05-29
ORD00277,Michael Mason,223.39,2026-05-13
ORD00278,James Harmon,483.08,2026-07-18
ORD00279,Blake Edwards,406.02,2026-05-02
ORD00280,Mark Roberts,246.91,2026-06-25
ORD00281,Carolyn Meza,368.2,2026-05-03
ORD00282,Heidi Kim,427.34,2026-07-20
ORD00283,James Miller,52.46,2026-05-24
ORD00284,Gary Jackson,129.49,2026-07-12
ORD00285,Jordan Bullock,309.06,2026-07-01
ORD00286,Sabrina Briggs,24.06,2026-06-04
ORD00287,Craig Morrison,99.1,2026-05-10
ORD00288,Cassandra Mejia,400.94,2026-07-13
ORD00289,Olivia Cole,441.36,2026-06-15
ORD00290,Madison Weber,145.37,2026-07-25
ORD00291,Emily Gonzales,474.55,2026-07-23
ORD00292,Rebecca Vargas,249.4,2026-06-12
ORD00293,Joel Johnson,348.4,2026-06-19
ORD00294,Matthew Madden,250.5,2026-07-20
ORD00295,Janice Carpenter,55.6,2026-06-29
ORD00296,Laura Lopez,348.98,2026-06-13
ORD00297,Tina Hayes,294.96,2026-06-16
ORD00298,Vickie Miller,270.15,2026-07-27
ORD00299,Michael Ritter,375.51,2026-05-17
ORD00300,Helen Hardin,354.4,2026-06-20
ORD00301,Meghan Williams,133.19,2026-06-09
ORD00302,Justin Hughes,104.37,2026-05-07
ORD00303,Tracey Morrison,272.57,2026-07-10
ORD00304,Matthew Rangel,100.72,2026-06-02
ORD00305,Jenna Larson,247.26,2026-07-03
ORD00306,Maria Murphy,488.54,2026-05-31
ORD00307,Theresa Osborn,148.67,2026-07-05
ORD00308,Jessica Cox,105.12,2026-05-10
ORD00309,Daniel Meza,97.93,2026-05-30
ORD00310,Zachary Moore,271.73,2026-06-17
ORD00311,Katie Fernandez,487.4,2026-07-21
ORD00312,Mary Walter,351.73,2026-07-25
ORD00313,Brittany White,435.55,2026-05-13
ORD00314,Stephanie Griffith,437.63,2026-07-14
ORD00315,Nathan Montes,240.0,2026-06-09
ORD00316,Joann Ferguson,100.34,2026-07-13
ORD00317,Stephanie Lee,244.09,2026-07-18
ORD00318,Paula Shaw,206.35,2026-06-14
ORD00319,Rebecca Taylor,36.27,2026-05-16
ORD00320,Shelly Spencer,285.79,2026-05-06
ORD00321,Sarah Mitchell,497.02,2026-07-09
ORD00322,Taylor Hernandez,384.58,2026-05-16
ORD00323,Courtney Hayes,397.46,2026-05-09
ORD00324,Anthony Shaw,266.06,2026-07-30
ORD00325,Jade Johnson DVM,226.93,2026-06-07
ORD00326,Andrew Lowery,495.12,2026-07-16
ORD00327,Olivia Harrison,314.3,2026-07-07
ORD00328,Alicia Lewis,372.64,2026-05-01
ORD00329,Lisa Henderson,111.82,2026-06-23
ORD00330,Bryan Allen,333.61,2026-05-28
ORD00331,Amy Copeland,95.17,2026-07-17
ORD00332,Lynn Andrews,230.75,2026-06-27
ORD00333,Lucas Allen,152.72,2026-05-29
ORD00334,Angela Villegas,356.41,2026-05-19
ORD00335,Rachel Romero,232.48,2026-06-21
ORD00336,Amanda Hughes,462.72,2026-06-07
ORD00337,Heather Jones,316.28,2026-05-25
ORD00338,Ashley Perkins,467.5,2026-07-11
ORD00339,Harold Morgan,276.84,2026-06-02
ORD00340,Julie Dominguez,455.12,2026-07-20
ORD00341,Amy Parsons,44.99,2026-05-18
ORD00342,Andrew Gonzalez,160.73,2026-05-04
ORD00343,Kaylee Hays,288.91,2026-05-31
ORD00344,Paul Lee,70.93,2026-06-15
ORD00345,Sharon Rivera,352.87,2026-07-23
ORD00346,Steve Paul,255.23,2026-07-17
ORD00347,Kathleen Jimenez,49.42,2026-06-02
ORD00348,Debra Miller,221.69,2026-07-29
ORD00349,Zachary White,132.68,2026-05-08
ORD00350,Garrett Phillips,419.62,2026-06-01
ORD00351,Carol Wallace,475.89,2026-06-28
ORD00352,Susan Mendez,339.42,2026-05-05
ORD00353,Rebecca Brown,29.71,2026-05-27
ORD00354,Robert Shelton,240.55,2026-06-09
ORD00355,Megan Kim,458.88,2026-05-14
ORD00356,Matthew Cox,296.81,2026-05-07
ORD00357,Meghan Rush,250.95,2026-05-04
ORD00358,Laura Moreno,173.32,2026-06-13
ORD00359,Danielle Wilson,430.29,2026-05-31
ORD00360,Susan Wilson,349.9,2026-06-18
ORD00361,Cindy Carr,473.14,2026-05-26
ORD00362,Samuel Hayes,279.55,2026-05-20
ORD00363,Rita Ponce DVM,164.11,2026-06-13
ORD00364,Krista Roberts,485.39,2026-06-03
ORD00365,Michael Graves,262.15,2026-07-22
ORD00366,Danny Galloway,332.25,2026-07-17
ORD00367,Allison Spencer,212.49,2026-05-23
ORD00368,Kristen Salazar,187.27,2026-06-15
ORD00369,Zachary Higgins,316.45,2026-05-07
ORD00370,Samantha Jones,109.74,2026-06-09
ORD00371,John Holmes,464.56,2026-07-02
ORD00372,Kristen Matthews,352.14,2026-07-25
ORD00373,Thomas Brown,486.84,2026-05-13
ORD00374,Christopher Morris,127.26,2026-06-20
ORD00375,Todd Jacobson,279.91,2026-05-22
ORD00376,Tyler Hill,55.67,2026-05-25
ORD00377,Anna Davidson,457.34,2026-05-30
ORD00378,Matthew Le,67.56,2026-06-26
ORD00379,Kristy Bryan,254.2,2026-06-02
ORD00380,Martin Ray,259.35,2026-05-08
ORD00381,Jennifer Fowler,419.01,2026-05-21
ORD00382,Donna Frye,129.43,2026-07-26
ORD00383,Melinda Evans,197.96,2026-05-24
ORD00384,Jeffrey Washington,259.04,2026-07-06
ORD00385,Emily Higgins,433.37,2026-06-03
ORD00386,Jacob Hoffman,397.1,2026-06-08
ORD00387,Derek Wright,467.78,2026-05-24
ORD00388,James Gilbert,412.07,2026-05-05
ORD00389,Robin Peck,156.29,2026-07-24
ORD00390,Kathleen Robertson,499.46,2026-05-19
ORD00391,Alexander Landry,82.81,2026-07-25
ORD00392,Cindy Gomez,179.11,2026-06-14
ORD00393,Stephen Pena MD,276.28,2026-05-28
ORD00394,Jessica Khan,167.67,2026-05-01
ORD00395,Holly Morales,351.77,2026-06-05
ORD00396,Juan Jones,124.45,2026-06-24
ORD00397,Diana Hays,31.39,2026-06-13
ORD00398,William Long,355.56,2026-06-29
ORD00399,Nicole Gonzalez,199.18,2026-06-24
ORD00400,Amber Taylor,412.17,2026-06-08
ORD00401,Jesus Obrien,252.71,2026-07-18
ORD00402,Timothy Flores,256.12,2026-06-20
ORD00403,Elizabeth Rogers,436.15,2026-06-29
ORD00404,Justin Wells Jr.,225.75,2026-06-21
ORD00405,Jason Parker,233.89,2026-07-05
ORD00406,Walter Patton,210.89,2026-06-27
ORD00407,Anthony Castillo,85.64,2026-06-26
ORD00408,Patricia James,484.91,2026-07-01
ORD00409,Melody Lee,349.43,2026-05-04
ORD00410,Jason Harris,427.36,2026-05-31
ORD00411,Kaitlyn Charles,431.08,2026-07-15
ORD00412,Daniel Nguyen,165.16,2026-07-08
ORD00413,Emily Thompson,382.11,2026-06-16
ORD00414,Hector Ingram,27.59,2026-06-21
ORD00415,Melissa Bishop,461.26,2026-07-06
ORD00416,Edwin David,375.92,2026-05-24
ORD00417,Daniel Bush,58.24,2026-07-14
ORD00418,Timothy Pope,437.56,2026-06-16
ORD00419,Michael James,350.06,2026-05-28
ORD00420,Raymond Thomas,32.54,2026-07-19
ORD00421,Angela Bradshaw,153.75,2026-05-28
ORD00422,Cindy Clayton,81.33,2026-05-25
ORD00423,Denise Rodriguez,287.3,2026-07-30
ORD00424,Michael Schmidt,93.29,2026-05-24
ORD00425,Jason Love,313.66,2026-05-23
ORD00426,Abigail Pierce,457.29,2026-07-06
ORD00427,Shirley Alvarez,235.96,2026-06-09
ORD00428,Erica Brewer,135.11,2026-07-13
ORD00429,Marissa Hall,404.27,2026-07-28
ORD00430,Amanda Dorsey,342.03,2026-07-10
ORD00431,Taylor Johnson,226.45,2026-07-25
ORD00432,Charlotte Curry,297.91,2026-06-08
ORD00433,Edwin Morrison,217.91,2026-07-25
ORD00434,William Daniels,424.2,2026-06-02
ORD00435,Sarah Mcdonald,198.5,2026-07-26
ORD00436,Christopher Stevens,126.23,2026-07-18
ORD00437,Norman Gibbs,291.66,2026-07-09
ORD00438,Casey Chase,154.66,2026-07-05
ORD00439,Garrett Morales,332.53,2026-07-20
ORD00440,Mrs. Taylor Smith,287.31,2026-05-18
ORD00441,Derek Rivera,374.89,2026-05-23
ORD00442,Alexandra Valdez,307.14,2026-06-26
ORD00443,Bryan Parker,453.04,2026-05-23
ORD00444,Stephanie Padilla,401.44,2026-07-06
ORD00445,Thomas Phillips,182.64,2026-07-07
ORD00446,Casey Hernandez,314.24,2026-05-22
ORD00447,Joshua Ruiz,363.25,2026-06-06
ORD00448,Colleen Wright,420.79,2026-07-17
ORD00449,Michael Miller,452.67,2026-06-21
ORD00450,Joshua Wagner,161.38,2026-05-11
ORD00451,Garrett Meyer,293.99,2026-06-22
ORD00452,Kevin Davis,54.17,2026-07-06
ORD00453,Jody Palmer,376.27,2026-06-13
ORD00454,Joel Roman,74.76,2026-06-24
ORD00455,Robert Reese,486.03,2026-05-03
ORD00456,Gregory Brown,457.61,2026-05-08
ORD00457,Victoria Kennedy,135.92,2026-07-30
ORD00458,Chad May,246.11,2026-06-09
ORD00459,Janet Kane DVM,375.81,2026-06-06
ORD00460,Mary Ryan,66.43,2026-05-08
ORD00461,Christopher Medina,78.97,2026-07-23
ORD00462,Courtney Smith,431.47,2026-05-13
ORD00463,Nathan Coleman,490.17,2026-05-29
ORD00464,Joe Moore,404.25,2026-07-19
ORD00465,Ashley Pacheco,397.43,2026-07-24
ORD00466,Taylor Small,272.92,2026-06-10
ORD00467,Kirk Griffin,339.69,2026-05-21
ORD00468,Dana Williams,296.43,2026-07-08
ORD00469,Nicole Parsons,470.74,2026-05-23
ORD00470,Cynthia Hendricks DDS,124.57,2026-06-18
ORD00471,Megan Flores,443.28,2026-06-26
ORD00472,Matthew Walker,458.48,2026-07-25
ORD00473,Travis Hobbs,40.98,2026-05-27
ORD00474,Kristi Williams,455.6,2026-06-30
ORD00475,Rachel Flores,210.06,2026-07-02
ORD00476,James Webster,473.67,2026-06-09
ORD00477,Elizabeth Zimmerman,251.39,2026-05-24
ORD00478,Jason Butler,76.48,2026-07-28
ORD00479,David Rivera,338.54,2026-05-14
ORD00480,Jacob Nichols,473.53,2026-07-29
ORD00481,Michael Morrison,373.71,2026-05-06
ORD00482,Philip Ramsey,213.29,2026-05-08
ORD00483,Sean Cook,209.98,2026-05-22
ORD00484,Tonya Wilson,26.03,2026-05-21
ORD00485,Larry Harris,227.26,2026-07-28
ORD00486,Patricia James,429.17,2026-05-24
ORD00487,Dennis Hunt,276.79,2026-07-02
ORD00488,William Harrison,185.75,2026-06-15
ORD00489,Jacqueline Gutierrez,103.01,2026-06-01
ORD00490,Charles Green,425.54,2026-07-23
ORD00491,Elizabeth Gonzalez,334.76,2026-06-26
ORD00492,Danielle Pierce,302.6,2026-06-06
ORD00493,Phillip Burns,395.53,2026-07-06
ORD00494,Robert Jackson,71.7,2026-06-14
ORD00495,Thomas Weaver DDS,43.62,2026-06-23
ORD00496,Ryan Landry,111.51,2026-06-20
ORD00497,Jennifer Kirby,436.15,2026-05-05
ORD00498,Alexa Wagner,82.3,2026-05-07
ORD00499,Mary Jensen,11.39,2026-05-06
ORD00500,Aaron Arnold Jr.,80.9,2026-07-04
ORD00501,William Smith,132.82,2026-07-10
ORD00502,Renee Browning,333.92,2026-07-07
ORD00503,Kelly Allen,17.28,2026-05-11
ORD00504,Hector Norton,126.59,2026-06-21
ORD00505,Judy Sanchez,95.38,2026-06-06
ORD00506,Sarah Valdez,267.78,2026-05-30
ORD00507,James Alvarez,243.36,2026-05-10
ORD00508,Angela Bruce,261.49,2026-05-01
ORD00509,William Dickson,256.88,2026-07-16
ORD00510,Daniel Parrish,31.25,2026-07-29
ORD00511,Thomas Cohen,434.82,2026-06-16
ORD00512,Mary White,234.44,2026-07-27
ORD00513,Laurie Goodwin,39.8,2026-05-02
ORD00514,Billy Martin,206.79,2026-07-19
ORD00515,Jasmine Mosley,250.23,2026-06-25
ORD00516,Brenda Hinton,46.01,2026-06-07
ORD00517,Haley Davis,42.18,2026-06-18
ORD00518,Larry Austin,320.21,2026-07-21
ORD00519,Erin Walters,169.34,2026-06-08
ORD00520,Juan Bennett,269.97,2026-06-17
ORD00521,Jamie Barton,306.66,2026-07-05
ORD00522,Benjamin Adams,427.87,2026-07-17
ORD00523,Brittany Price,386.79,2026-07-09
ORD00524,Tommy Wallace,115.36,2026-05-11
ORD00525,Brandon Jordan,121.96,2026-05-27
ORD00526,Ashley Davis,232.21,2026-06-23
ORD00527,Rachel Shields,56.59,2026-05-10
ORD00528,Richard Hardy,335.9,2026-05-29
ORD00529,Dana Meyer DDS,84.79,2026-07-27
ORD00530,Derrick Thomas,42.9,2026-05-14
ORD00531,Elijah Patton,55.68,2026-06-12
ORD00532,Michelle Simpson,407.77,2026-05-25
ORD00533,Chad Smith,297.37,2026-05-19
ORD00534,Jamie Atkins,171.53,2026-06-02
ORD00535,Rodney Curtis,183.26,2026-06-02
ORD00536,Larry Dominguez,377.64,2026-05-14
ORD00537,James Flores,363.32,2026-05-31
ORD00538,Erika Ramirez,304.2,2026-06-25
ORD00539,Justin Vargas,293.18,2026-06-05
ORD00540,Krista Benton,331.8,2026-05-18
ORD00541,Robert Guerra,63.03,2026-07-08
ORD00542,Rebecca Chambers,190.1,2026-07-19
ORD00543,David Moore,291.31,2026-07-01
ORD00544,Jerry Harper,424.13,2026-07-16
ORD00545,Tammy Kane,411.03,2026-06-08
ORD00546,Warren Miles,324.92,2026-06-22
ORD00547,Margaret Miller,465.25,2026-07-18
ORD00548,Carol Salazar,141.05,2026-07-03
ORD00549,Jennifer Goodwin,354.32,2026-07-02
ORD00550,David Dixon,176.51,2026-05-11
ORD00551,Melissa Walker,436.23,2026-06-20
ORD00552,Michael Vaughn,206.38,2026-06-07
ORD00553,Mrs. Elizabeth Knapp MD,320.25,2026-06-03
ORD00554,Brenda Collins,375.59,2026-07-20
ORD00555,John Alvarez,215.72,2026-07-16
ORD00556,Emma Evans,191.33,2026-07-10
ORD00557,Samuel Wong,390.65,2026-07-09
ORD00558,William Sanchez,51.63,2026-07-17
ORD00559,Justin Mullen,312.74,2026-06-23
ORD00560,Cody Davidson,143.33,2026-07-17
ORD00561,Lucas Gonzalez,247.97,2026-06-08
ORD00562,Daniel Ramirez,143.85,2026-06-07
ORD00563,Shane Lopez,65.77,2026-06-26
ORD00564,Dennis Huffman,148.79,2026-05-20
ORD00565,James Long,248.45,2026-07-02
ORD00566,Jimmy Thompson,32.25,2026-06-03
ORD00567,Angela Anderson,303.67,2026-07-29
ORD00568,Bruce Brooks,157.7,2026-05-12
ORD00569,Kyle Andrews,77.25,2026-06-19
ORD00570,Mr. Thomas Arias,170.78,2026-05-19
ORD00571,Katherine Taylor,376.04,2026-05-17
ORD00572,Anthony Howard,196.3,2026-07-21
ORD00573,Robert Maynard,255.13,2026-06-17
ORD00574,Michael Perry PhD,405.04,2026-07-03
ORD00575,Andre Juarez,30.73,2026-05-17
ORD00576,Danny Roberts,461.37,2026-05-29
ORD00577,Pamela Dunn,292.12,2026-06-24
ORD00578,Reginald Morrow,357.65,2026-06-25
ORD00579,Amanda Ball,66.43,2026-06-22
ORD00580,Jeffery Fitzgerald,169.14,2026-06-23
ORD00581,Shaun Johnson,312.88,2026-07-12
ORD00582,Angie Grimes,460.69,2026-06-03
ORD00583,Christine Rojas,129.23,2026-07-15
ORD00584,Mackenzie Martin,266.74,2026-07-23
ORD00585,Daniel Brown,162.03,2026-07-16
ORD00586,Joshua Morris,173.2,2026-06-21
ORD00587,Derek Hodge,260.14,2026-05-29
ORD00588,Rachel Sellers,259.88,2026-05-14
ORD00589,Meredith Anderson,181.19,2026-07-24
ORD00590,David Bridges,411.28,2026-07-09
ORD00591,Mark Burton,125.77,2026-06-17
ORD00592,Robert Mack,106.66,2026-06-13
ORD00593,Melissa Wiley,382.51,2026-06-20
ORD00594,Aaron Schroeder,96.8,2026-06-17
ORD00595,Judy Beck,252.12,2026-05-10
ORD00596,Joseph Robinson,382.34,2026-07-22
ORD00597,Derrick Clayton,462.84,2026-07-20
ORD00598,Kylie Washington,321.3,2026-06-23
ORD00599,Amber Garcia,433.48,2026-07-26
ORD00600,Caleb Mathews,83.97,2026-07-21
ORD00601,Tyler Harris,158.38,2026-06-14
ORD00602,Matthew Moore,37.52,2026-07-28
ORD00603,Matthew Wright,162.1,2026-07-25
ORD00604,Carol Sanders,37.88,2026-07-04
ORD00605,Cynthia Rios,47.6,2026-07-10
ORD00606,John Anderson,429.09,2026-05-10
ORD00607,Alexandra Dominguez,258.46,2026-06-20
ORD00608,Jennifer Anderson MD,281.62,2026-05-12
ORD00609,Ashley Edwards,448.98,2026-05-09
ORD00610,Robert Baxter,406.81,2026-05-14
ORD00611,Joseph Smith,167.55,2026-07-05
ORD00612,Daniel Goodman,83.92,2026-06-12
ORD00613,Shannon Miller,450.57,2026-06-29
ORD00614,Leah Cruz,360.01,2026-05-14
ORD00615,Danielle Newman,94.55,2026-05-31
ORD00616,Michelle Mitchell,224.5,2026-06-23
ORD00617,Mary Turner,266.15,2026-05-03
ORD00618,Nicole Phillips,192.7,2026-06-28
ORD00619,Tina Simpson,210.3,2026-07-16
ORD00620,Mr. Joseph Levine DVM,302.96,2026-05-24
ORD00621,Ryan Fisher,327.18,2026-05-13
ORD00622,John Archer,342.41,2026-07-06
ORD00623,Alexis Lewis,364.63,2026-05-02
ORD00624,Jennifer Mitchell,454.11,2026-05-06
ORD00625,Jessica Morales,173.35,2026-06-18
ORD00626,Brittany Miller,79.3,2026-06-22
ORD00627,Valerie Moore,484.17,2026-06-19
ORD00628,Pamela Santos,202.06,2026-06-07
ORD00629,Monica Mathis,469.62,2026-05-31
ORD00630,Jeffrey Chavez,194.57,2026-05-24
ORD00631,Patrick Yang,408.46,2026-05-06
ORD00632,Meredith Martin,416.19,2026-05-02
ORD00633,Samantha Green,345.85,2026-06-20
ORD00634,Shelley Quinn,326.55,2026-05-13
ORD00635,Frances Patterson,187.3,2026-07-14
ORD00636,William Burton,98.33,2026-05-07
ORD00637,Amy Villarreal,474.36,2026-06-14
ORD00638,Raymond Shannon,121.01,2026-06-05
ORD00639,April Trevino,47.81,2026-05-23
ORD00640,Jack Mora,59.56,2026-05-24
ORD00641,Amanda Pratt,419.21,2026-07-30
ORD00642,David Moon,28.5,2026-06-10
ORD00643,Laura Wilson,385.49,2026-05-27
ORD00644,Jose Williams,194.59,2026-05-18
ORD00645,Sharon Ayala,417.36,2026-05-07
ORD00646,Jesus Wood,406.43,2026-06-01
ORD00647,Nancy Sanchez,224.46,2026-06-24
ORD00648,Yolanda Parsons,341.42,2026-06-27
ORD00649,Brittany Randolph,227.66,2026-07-13
ORD00650,Makayla Steele,376.78,2026-05-23
ORD00651,Matthew Sweeney,271.67,2026-06-02
ORD00652,William Barnes,406.23,2026-05-11
ORD00653,Anna Morse,419.21,2026-05-14
ORD00654,Jacqueline Villegas,474.09,2026-06-10
ORD00655,Casey Wilkins,236.22,2026-06-26
ORD00656,Jessica Brandt,197.12,2026-06-27
ORD00657,Ethan Owen,483.47,2026-05-29
ORD00658,David Harding,402.62,2026-05-31
ORD00659,Ashley Garcia,132.5,2026-07-15
ORD00660,Bryan Howard,438.32,2026-06-15
ORD00661,John Phelps,60.27,2026-05-21
ORD00662,Elizabeth Bush,427.07,2026-05-16
ORD00663,Scott Hernandez,383.93,2026-05-04
ORD00664,Jennifer Williams,453.6,2026-05-25
ORD00665,Carrie Crane,224.36,2026-05-26
ORD00666,Danielle Murray,118.8,2026-06-23
ORD00667,Ronald Haas,181.3,2026-05-12
ORD00668,James Parks,36.1,2026-05-13
ORD00669,Deanna Hess,125.53,2026-05-09
ORD00670,Matthew Lamb,193.71,2026-05-07
ORD00671,Sandra Rivera,466.1,2026-05-09
ORD00672,Thomas Hamilton,328.48,2026-06-14
ORD00673,James Simmons MD,77.42,2026-06-08
ORD00674,Stephen Johnson,416.58,2026-05-27
ORD00675,Edward Jenkins,78.01,2026-06-29
ORD00676,Douglas Taylor,229.81,2026-06-16
ORD00677,Rebecca Wright,48.82,2026-05-20
ORD00678,James Reeves,419.13,2026-07-17
ORD00679,Hailey Cunningham,366.35,2026-06-22
ORD00680,Alexander Harper,64.48,2026-06-07
ORD00681,Diana Stokes,157.56,2026-07-26
ORD00682,Pamela Key,215.71,2026-06-15
ORD00683,David Ferguson,233.99,2026-05-10
ORD00684,Pamela Gould,453.52,2026-07-29
ORD00685,Mrs. Taylor Frey,18.05,2026-07-22
ORD00686,Evan Rojas,128.55,2026-05-18
ORD00687,Michele Bell,220.33,2026-07-28
ORD00688,Travis Copeland,127.88,2026-06-24
ORD00689,John Davis,335.54,2026-06-22
ORD00690,Joseph Smith,43.16,2026-06-28
ORD00691,Gina Thompson,258.59,2026-05-20
ORD00692,Kevin Stark,281.53,2026-05-06
ORD00693,Shannon Yu,240.37,2026-05-11
ORD00694,Jennifer Garcia,490.71,2026-07-08
ORD00695,Christopher Fry,17.96,2026-06-01
ORD00696,Michael Hoffman,178.95,2026-07-03
ORD00697,Robin Gray,317.85,2026-05-22
ORD00698,Nicholas Rush,370.24,2026-05-29
ORD00699,Patricia Bradley,31.72,2026-06-08
ORD00700,Robert Carr,408.62,2026-06-28
ORD00701,Jon Rivera,391.78,2026-06-24
ORD00702,Francisco Fields,350.74,2026-05-24
ORD00703,Margaret Tanner,407.63,2026-07-19
ORD00704,David Jones,234.26,2026-05-02
ORD00705,Aaron Cruz,31.47,2026-07-16
ORD00706,Katherine Gray,30.53,2026-05-17
ORD00707,John Shields,262.54,2026-06-06
ORD00708,Robert Johnson,276.09,2026-05-16
ORD00709,Brian Peterson,379.11,2026-05-31
ORD00710,Kimberly Villanueva,184.92,2026-05-16
ORD00711,Lisa Webb,434.24,2026-06-02
ORD00712,Carmen Preston,70.99,2026-06-11
ORD00713,Daniel Lee,445.85,2026-05-06
ORD00714,Monica Baker,448.37,2026-06-23
ORD00715,Anthony Armstrong,487.12,2026-05-29
ORD00716,Aaron Miller,253.79,2026-05-15
ORD00717,Christina Johnson,264.45,2026-06-30
ORD00718,Bradley Anthony,366.27,2026-07-01
ORD00719,John Guerrero,412.95,2026-07-16
ORD00720,Cathy Mcclure,167.39,2026-07-02
ORD00721,Dennis Marshall,160.18,2026-05-19
ORD00722,Antonio Goodwin,218.8,2026-07-21
ORD00723,Gregg Weaver,182.26,2026-05-10
ORD00724,Kristen Randall,436.32,2026-07-13
ORD00725,Melissa Mayer,499.09,2026-06-10
ORD00726,James Nash,490.21,2026-06-16
ORD00727,Kellie Duncan,46.77,2026-06-18
ORD00728,Peter Thompson,188.02,2026-05-15
ORD00729,Beth Henderson,342.91,2026-05-21
ORD00730,Rodney Hernandez,79.96,2026-06-12
ORD00731,Suzanne Jones,392.84,2026-06-01
ORD00732,Kristen Gates,42.94,2026-06-07
ORD00733,Alexandria Graves,189.5,2026-06-14
ORD00734,Ashley Hernandez,287.95,2026-06-20
ORD00735,Traci Garcia,342.74,2026-06-27
ORD00736,Rachel Dillon,192.29,2026-06-24
ORD00737,James Washington,291.22,2026-07-25
ORD00738,Donald Thomas,205.04,2026-06-15
ORD00739,Amanda Preston,132.31,2026-07-06
ORD00740,Patrick Mccall,370.48,2026-07-07
ORD00741,Robert Turner,199.62,2026-06-06
ORD00742,Michael Garcia PhD,138.27,2026-07-21
ORD00743,Jessica Petersen,228.67,2026-05-30
ORD00744,Matthew Lopez,149.93,2026-07-10
ORD00745,Natalie Malone,250.69,2026-07-28
ORD00746,Kaylee Moore,427.88,2026-06-06
ORD00747,Brandy York,450.35,2026-07-08
ORD00748,Corey Whitaker,53.02,2026-06-25
ORD00749,Anthony Ward,424.31,2026-05-25
ORD00750,John Sanders,180.24,2026-05-27
ORD00751,Jaime Wheeler,446.75,2026-07-06
ORD00752,Juan Cooper,358.79,2026-07-24
ORD00753,Ann Johnson,322.47,2026-07-12
ORD00754,Penny Lewis,259.29,2026-05-16
ORD00755,Daniel Pearson,108.48,2026-07-02
ORD00756,Tracy Fleming,397.28,2026-05-02
ORD00757,Maria Burke,281.47,2026-06-16
ORD00758,Robert Torres,403.79,2026-05-22
ORD00759,Steven York,309.85,2026-07-02
ORD00760,Eric Meyer,499.8,2026-05-25
ORD00761,Adrienne Key,267.59,2026-06-08
ORD00762,Lisa Evans,413.44,2026-06-24
ORD00763,William Davidson,324.75,2026-06-16
ORD00764,Michael Stafford,343.25,2026-05-27
ORD00765,Ralph Yoder,440.2,2026-05-19
ORD00766,Melanie Griffith,323.5,2026-06-09
ORD00767,Jason Price,483.47,2026-05-29
ORD00768,Laura Lee,456.25,2026-06-26
ORD00769,Margaret Alvarez,84.98,2026-05-22
ORD00770,Sarah Pittman,168.1,2026-06-04
ORD00771,John Figueroa,179.55,2026-05-18
ORD00772,Susan Arroyo,448.51,2026-07-18
ORD00773,Henry Garner,132.8,2026-07-03
ORD00774,Erin Green,279.91,2026-06-10
ORD00775,Julie Delacruz,158.38,2026-06-15
ORD00776,Andrea Preston,256.26,2026-06-26
ORD00777,Jane Evans,471.39,2026-05-12
ORD00778,Brenda Gonzalez,332.78,2026-07-24
ORD00779,Victoria Thomas,306.52,2026-06-25
ORD00780,Katherine Welch,286.17,2026-05-18
ORD00781,Abigail Hill,23.9,2026-05-31
ORD00782,Laura Moore,324.31,2026-07-13
ORD00783,Madeline Powell,329.05,2026-05-13
ORD00784,Joseph Cross,214.13,2026-06-07
ORD00785,Roy Lee,254.04,2026-07-26
ORD00786,Danielle Steele,151.94,2026-05-01
ORD00787,James Chapman,246.64,2026-05-31
ORD00788,Elizabeth Carter,345.65,2026-05-07
ORD00789,Gail Barron,45.76,2026-06-20
ORD00790,Katherine Christensen MD,247.28,2026-06-03
ORD00791,Nicholas Anderson,307.26,2026-05-02
ORD00792,Caroline Richardson,362.0,2026-05-03
ORD00793,Shawn Scott,431.78,2026-07-16
ORD00794,Zachary Stanley,74.08,2026-06-30
ORD00795,Jennifer James,285.21,2026-05-05
ORD00796,Christian Neal,238.57,2026-05-25
ORD00797,Matthew Bates,131.48,2026-05-01
ORD00798,Breanna Rivas,198.23,2026-06-30
ORD00799,Autumn Wilson,131.65,2026-06-19
ORD00800,Curtis Baker,88.25,2026-06-18
ORD00801,Jason Martin,293.07,2026-05-20
ORD00802,Melissa Castillo,383.93,2026-06-18
ORD00803,Brandon Rodriguez,262.22,2026-05-01
ORD00804,Travis Chan Jr.,161.18,2026-07-04
ORD00805,David Hall,473.16,2026-07-10
ORD00806,Brett Thompson,483.68,2026-05-26
ORD00807,Robert Edwards,182.92,2026-07-22
ORD00808,Peter Williams,442.35,2026-05-12
ORD00809,Erin Kline,240.59,2026-07-04
ORD00810,Jacqueline Cooper,425.11,2026-07-25
ORD00811,Jesus Houston,442.4,2026-06-08
ORD00812,Stephen Jackson,384.29,2026-07-17
ORD00813,Vicki Richard,206.28,2026-07-07
ORD00814,Karen Carroll,105.38,2026-06-10
ORD00815,Peggy Carr,46.03,2026-05-18
ORD00816,Valerie Anderson,384.56,2026-07-25
ORD00817,Jason Williams,494.65,2026-06-17
ORD00818,Michael Gregory,68.22,2026-07-03
ORD00819,Vanessa Santiago,203.01,2026-07-10
ORD00820,Mercedes Davis,176.15,2026-06-20
ORD00821,Gregory Rhodes,379.93,2026-07-10
ORD00822,Kristin Huerta,259.47,2026-05-15
ORD00823,Brooke Allison,32.2,2026-05-02
ORD00824,Angela Vasquez,173.19,2026-06-18
ORD00825,Amber Walker,233.92,2026-06-02
ORD00826,Angela Wallace,262.6,2026-06-09
ORD00827,Jillian Wilson,310.4,2026-05-09
ORD00828,Ashley Gutierrez,495.4,2026-07-12
ORD00829,Brandon Munoz,156.62,2026-06-23
ORD00830,Jordan Clark,415.86,2026-07-01
ORD00831,Anthony Walker,357.28,2026-06-03
ORD00832,Lisa Kennedy,409.72,2026-06-02
ORD00833,Brent Hopkins,340.17,2026-07-09
ORD00834,Mark Marsh,296.01,2026-06-03
ORD00835,Brian Prince,365.41,2026-06-20
ORD00836,Natalie Ortiz,23.06,2026-05-14
ORD00837,Bryan Phelps,483.86,2026-06-29
ORD00838,Cheryl Morgan,390.32,2026-06-14
ORD00839,Mark Powers,363.49,2026-06-10
ORD00840,Judith Lawrence,93.55,2026-07-14
ORD00841,April Fitzgerald,313.67,2026-05-14
ORD00842,Kevin Glass,82.41,2026-07-30
ORD00843,Monica Anderson,25.47,2026-07-07
ORD00844,Sonya Gordon,63.85,2026-07-03
ORD00845,Lee Schwartz,163.71,2026-06-07
ORD00846,Grant Phillips,348.35,2026-05-27
ORD00847,Michael Goodman,389.74,2026-05-14
ORD00848,Shannon Joseph,437.68,2026-07-21
ORD00849,Daniel Klein,40.52,2026-07-01
ORD00850,Vicki Santos,111.6,2026-07-29
ORD00851,Mallory Page,334.49,2026-06-18
ORD00852,Lauren Bender,163.74,2026-06-04
ORD00853,Sarah Mitchell,456.94,2026-07-05
ORD00854,Brian James,183.6,2026-07-18
ORD00855,Derek Floyd,363.25,2026-07-05
ORD00856,Ryan Vaughn,349.72,2026-07-06
ORD00857,Amanda Cervantes,104.21,2026-05-20
ORD00858,Nancy Hancock,283.46,2026-06-29
ORD00859,Jorge Robles,486.73,2026-06-24
ORD00860,Amber James,151.61,2026-05-28
ORD00861,Emily Arnold,355.44,2026-07-16
ORD00862,Marc Norman,180.91,2026-07-12
ORD00863,Mark Mckinney,399.75,2026-07-20
ORD00864,Nancy Gonzalez,69.72,2026-07-13
ORD00865,Christopher Fleming,196.05,2026-05-19
ORD00866,Barbara Williams,411.0,2026-05-17
ORD00867,Christopher Singleton,404.26,2026-06-24
ORD00868,Timothy Williams,150.94,2026-06-02
ORD00869,Timothy Gilbert,179.72,2026-06-27
ORD00870,Kenneth Howard DDS,135.66,2026-05-30
ORD00871,Clinton Jones,109.01,2026-06-21
ORD00872,Joshua Davis,467.18,2026-05-16
ORD00873,Gary Ward,77.26,2026-07-25
ORD00874,Karen Hoffman,297.55,2026-07-13
ORD00875,Gregory Allen,338.22,2026-05-01
ORD00876,Dana Williams,322.59,2026-06-29
ORD00877,Theresa Cruz,361.51,2026-06-07
ORD00878,Thomas Short,387.68,2026-07-10
ORD00879,Katie Tucker,279.67,2026-06-06
ORD00880,Erica Miller,209.38,2026-07-27
ORD00881,Patricia Ferguson,440.42,2026-05-17
ORD00882,Mark Lewis,107.73,2026-05-07
ORD00883,Christine Poole,167.37,2026-06-11
ORD00884,Andrea Parks,454.89,2026-07-02
ORD00885,Amanda Jones,272.22,2026-06-14
ORD00886,Benjamin Underwood,468.97,2026-07-17
ORD00887,Mark Hamilton,95.78,2026-06-09
ORD00888,Kimberly May,96.14,2026-06-07
ORD00889,Amber Charles,498.61,2026-07-13
ORD00890,Donna Jennings,252.74,2026-07-30
ORD00891,Timothy James,481.44,2026-05-09
ORD00892,Christopher Robinson,439.6,2026-07-04
ORD00893,Robert Gardner,288.3,2026-07-12
ORD00894,Stephen Sanford,491.67,2026-05-14
ORD00895,Travis Spencer,494.66,2026-07-02
ORD00896,Aaron Carlson,252.02,2026-05-14
ORD00897,Elizabeth Goodman,427.02,2026-06-23
ORD00898,Taylor York,104.48,2026-06-03
ORD00899,Luis King,89.62,2026-05-16
ORD00900,Latoya Brown,136.06,2026-05-18
ORD00901,Kimberly Newman MD,370.94,2026-07-30
ORD00902,Nicholas Freeman,288.21,2026-05-25
ORD00903,Matthew Garcia,95.99,2026-06-04
ORD00904,John Murphy,449.55,2026-07-27
ORD00905,Krystal Diaz,262.49,2026-07-07
ORD00906,Erik Floyd,100.54,2026-06-11
ORD00907,Brandy Quinn,168.56,2026-05-27
ORD00908,Raymond Tucker,137.78,2026-06-14
ORD00909,Angela Ramirez,379.34,2026-05-18
ORD00910,Deborah Mercado,157.95,2026-07-26
ORD00911,Albert Hunter,15.6,2026-07-10
ORD00912,Jennifer Lawrence,349.46,2026-07-18
ORD00913,Steven Fernandez,160.34,2026-06-23
ORD00914,James Vance,256.24,2026-07-15
ORD00915,Brandi Mason,354.74,2026-07-11
ORD00916,Adam Allen,67.53,2026-06-08
ORD00917,Jill White,154.57,2026-07-13
ORD00918,Brianna Dennis,117.37,2026-07-04
ORD00919,John Brown,85.06,2026-05-04
ORD00920,Daniel Velez,306.81,2026-05-23
ORD00921,Jesse Williams,279.12,2026-06-07
ORD00922,Kelly Gallegos,273.38,2026-05-11
ORD00923,Laura Bennett,117.02,2026-05-26
ORD00924,Stephanie Miller,379.82,2026-06-05
ORD00925,Courtney Sullivan,50.12,2026-06-06
ORD00926,Stacy Smith,354.85,2026-06-17
ORD00927,David Robertson,40.26,2026-05-14
ORD00928,Christopher Guzman,257.69,2026-05-21
ORD00929,Robert Cortez,83.43,2026-07-04
ORD00930,Daniel Martin,264.97,2026-07-05
ORD00931,Carl Vargas,110.65,2026-05-03
ORD00932,Stephanie Thomas,54.56,2026-07-01
ORD00933,Kellie Sullivan,406.26,2026-05-26
ORD00934,Nathan Stanley,261.49,2026-07-01
ORD00935,Lawrence Ruiz,38.29,2026-05-09
ORD00936,Jason Thomas,405.39,2026-05-17
ORD00937,Lisa Dixon,204.01,2026-07-19
ORD00938,Tammy Carlson,375.44,2026-07-10
ORD00939,Carlos Smith,32.19,2026-05-23
ORD00940,Melinda Serrano,41.24,2026-07-23
ORD00941,Steven Greene,467.95,2026-05-10
ORD00942,Autumn Olson,25.55,2026-06-21
ORD00943,Samantha Prince,386.8,2026-07-27
ORD00944,Jacqueline Williams,489.38,2026-06-11
ORD00945,Karen Mack,215.98,2026-05-23
ORD00946,Susan Hood,197.42,2026-06-27
ORD00947,David Cannon,454.32,2026-05-10
ORD00948,Kimberly Scott,344.54,2026-05-28
ORD00949,Adrienne Mills,274.26,2026-07-08
ORD00950,Daniel Brock,180.41,2026-05-01
ORD00951,Jeffery Richards,273.26,2026-06-05
ORD00952,Krystal Carr,366.65,2026-07-23
ORD00953,Juan Grant,11.7,2026-07-13
ORD00954,Justin King,156.2,2026-05-18
ORD00955,Michael Fitzgerald,276.78,2026-06-26
ORD00956,Jillian Lyons,413.45,2026-05-12
ORD00957,James Morgan,179.62,2026-05-10
ORD00958,Michelle Martin,469.33,2026-06-29
ORD00959,Samantha Ruiz,65.29,2026-05-01
ORD00960,Dennis Wood,215.43,2026-06-12
ORD00961,William Mendez,443.04,2026-07-10
ORD00962,Victor Brown,110.98,2026-06-20
ORD00963,Johnny Smith,26.45,2026-07-19
ORD00964,Kelly Lee,354.61,2026-07-03
ORD00965,Kelli Hall,372.87,2026-07-16
ORD00966,David Smith,124.83,2026-07-05
ORD00967,Penny Gomez MD,433.23,2026-05-09
ORD00968,Nancy Jones,151.74,2026-05-20
ORD00969,Ronald Herman,368.44,2026-06-23
ORD00970,Destiny Obrien,302.98,2026-06-03
ORD00971,Laura Green,167.13,2026-06-14
ORD00972,Benjamin Phillips,80.2,2026-06-19
ORD00973,Deanna Medina,118.31,2026-07-17
ORD00974,Tracy Hart,39.87,2026-05-25
ORD00975,Reginald Maldonado,441.06,2026-07-13
ORD00976,Brian Jones,316.74,2026-07-23
ORD00977,Megan Hall MD,252.85,2026-07-16
ORD00978,Mercedes Baker,471.38,2026-06-20
ORD00979,Paul Peterson,395.04,2026-05-10
ORD00980,Erik Robinson,214.0,2026-07-30
ORD00981,Paul Conrad,194.47,2026-05-27
ORD00982,Cynthia Allen,242.02,2026-06-18
ORD00983,Ruben Huff,157.36,2026-05-21
ORD00984,Barbara Miller,404.83,2026-05-16
ORD00985,Pamela Weaver,285.57,2026-06-17
ORD00986,Mr. Johnathan Galloway,283.07,2026-07-22
ORD00987,Clayton Duran,129.0,2026-07-24
ORD00988,Paul Anderson,326.89,2026-05-28
ORD00989,Todd Johnson,425.1,2026-07-17
ORD00990,Patty Bryant,103.34,2026-06-08
ORD00991,Emily Smith,340.1,2026-07-07
ORD00992,Brian Ward,438.07,2026-05-21
ORD00993,Cynthia Ruiz,383.23,2026-05-19
ORD00994,Jonathan Clark,283.84,2026-06-03
ORD00995,Diana White,436.04,2026-06-05
ORD00996,Robin Le,478.94,2026-06-25
ORD00997,Jeffrey James,469.21,2026-07-18
ORD00998,Brittany Shaffer,67.48,2026-07-17
ORD00999,Dr. Samuel Holmes DDS,244.67,2026-06-10
